file,name,kind,date,type,duration
Henryk 2022-05-26 Bajka o nowym samochodziku.m4a,Bajka o nowym samochodziku,Henryk,2022-05-26,m4a,466.688000
Henryk 2022-05-27 Bajka o Eryku r1.m4a,Bajka o Eryku r1,Henryk,2022-05-27,m4a,546.154667
Henryk 2022-05-28 Bajka o swince peppie i domu rebeki.m4a,Bajka o swince peppie i domu rebeki,Henryk,2022-05-28,m4a,387.264000
Henryk 2022-05-30 Bajka o parku dinozaurow.m4a,Bajka o parku dinozaurow,Henryk,2022-05-30,m4a,511.658667
Henryk 2022-05-31 Bajka o drużynie koszykowki.m4a,Bajka o drużynie koszykowki,Henryk,2022-05-31,m4a,492.355918
Henryk 2022-06-01 Bajka o bananach.m4a,Bajka o bananach,Henryk,2022-06-01,m4a,512.896000
Henryk 2022-06-02 Bajka o kotkach i majówce.m4a,Bajka o kotkach i majówce,Henryk,2022-06-02,m4a,603.157333
Henryk 2022-06-03 Bajka o jeżyku cyprianie.m4a,Bajka o jeżyku cyprianie,Henryk,2022-06-03,m4a,556.757333
Henryk 2022-06-04 W starym gaju.m4a,W starym gaju,Henryk,2022-06-04,m4a,338.005333
Henryk 2022-06-05 Bajka o okruchach słońca.m4a,Bajka o okruchach słońca,Henryk,2022-06-05,m4a,547.968000
Henryk 2022-06-06 Bajka po peppie i perfumach.m4a,Bajka po peppie i perfumach,Henryk,2022-06-06,m4a,475.349333
Henryk 2022-06-07 Bajka o robotach drogowych.m4a,Bajka o robotach drogowych,Henryk,2022-06-07,m4a,481.920000
Henryk 2022-06-08 Bajka o gimnastyce.m4a,Bajka o gimnastyce,Henryk,2022-06-08,m4a,436.181333
Henryk 2022-06-09 Bajka o peppie i misiu.m4a,Bajka o peppie i misiu,Henryk,2022-06-09,m4a,512.232200
Henryk 2022-06-10 Bajka o czkawce.m4a,Bajka o czkawce,Henryk,2022-06-10,m4a,450.304000
Henryk 2022-06-13 Bajka o sloneczku.m4a,Bajka o sloneczku,Henryk,2022-06-13,m4a,632.341333
Henryk 2022-06-14 Bajka o kosmicznym podrozniku.m4a,Bajka o kosmicznym podrozniku,Henryk,2022-06-14,m4a,601.621333
Henryk 2022-06-15 Bajka o książkach.m4a,Bajka o książkach,Henryk,2022-06-15,m4a,659.157333
Henryk 2022-06-16 Bajka o ksiezniczce.m4a,Bajka o ksiezniczce,Henryk,2022-06-16,m4a,623.808000
Henryk 2022-06-17 Bajka o małym Łee.m4a,Bajka o małym Łee,Henryk,2022-06-17,m4a,492.053333
Henryk 2022-06-18 Zawody Łucznicze.m4a,Zawody Łucznicze,Henryk,2022-06-18,m4a,631.040000
Henryk 2022-06-19 Dzien Ojca.m4a,Dzien Ojca,Henryk,2022-06-19,m4a,650.325333
Henryk 2022-06-20 Bajka o Rysiu.m4a,Bajka o Rysiu,Henryk,2022-06-20,m4a,527.957333
Henryk 2022-06-21 Bajka o Lisku.m4a,Bajka o Lisku,Henryk,2022-06-21,m4a,521.813333
Henryk 2022-06-22 Bajka o dziku.m4a,Bajka o dziku,Henryk,2022-06-22,m4a,688.917333
Henryk 2022-06-23 Bajka o tacie na dzień ojca.m4a,Bajka o tacie na dzień ojca,Henryk,2022-06-23,m4a,573.312000
Henryk 2022-06-24 Bajka o zabawie.m4a,Bajka o zabawie,Henryk,2022-06-24,m4a,620.906667
Henryk 2022-06-25 Bajka o rozowych okularach.m4a,Bajka o rozowych okularach,Henryk,2022-06-25,m4a,738.517333
Henryk 2022-06-26 Bajka o zdrowym duchu.m4a,Bajka o zdrowym duchu,Henryk,2022-06-26,m4a,597.845333
Henryk 2022-06-27 Bajka o Łosiu.m4a,Bajka o Łosiu,Henryk,2022-06-27,m4a,511.552000
Henryk 2022-06-28 Bajka o Zdjęciach.m4a,Bajka o Zdjęciach,Henryk,2022-06-28,m4a,738.453333
Henryk 2022-06-29 Bajka o Borsuku.m4a,Bajka o Borsuku,Henryk,2022-06-29,m4a,360.861315
Henryk 2022-06-30 Bajka o misiu chrapciu.m4a,Bajka o misiu chrapciu,Henryk,2022-06-30,m4a,525.305034
Henryk 2022-07-01 Bajka o liczeniu gwiazd.m4a,Bajka o liczeniu gwiazd,Henryk,2022-07-01,m4a,690.922667
Henryk 2022-07-03 Bajka o wielkiej niespodziance.m4a,Bajka o wielkiej niespodziance,Henryk,2022-07-03,m4a,875.861333
Henryk 2022-07-04 Bajka o Wiewiórce.m4a,Bajka o Wiewiórce,Henryk,2022-07-04,m4a,484.623673
Henryk 2022-07-05 Bajka o pogodowym królestwie.m4a,Bajka o pogodowym królestwie,Henryk,2022-07-05,m4a,573.952000
Henryk 2022-07-06 Bajka o Choince.m4a,Bajka o Choince,Henryk,2022-07-06,m4a,651.273288
Henryk 2022-07-07 Bajka o Ciuchci.m4a,Bajka o Ciuchci,Henryk,2022-07-07,m4a,519.872000
Henryk 2022-07-08 Bajka o jelonku.m4a,Bajka o jelonku,Henryk,2022-07-08,m4a,530.240000
Henryk 2022-07-11 Bajka o Filemonie i Bonifacym.m4a,Bajka o Filemonie i Bonifacym,Henryk,2022-07-11,m4a,813.610667
Henryk 2022-07-12 Puchatek i pszczoły.m4a,Puchatek i pszczoły,Henryk,2022-07-12,m4a,848.554667
Henryk 2022-07-13 Puchatek utknął.m4a,Puchatek utknął,Henryk,2022-07-13,m4a,844.927710
Henryk 2022-07-14 Ja Bonifacy.m4a,Ja Bonifacy,Henryk,2022-07-14,m4a,719.658667
Henryk 2022-07-15 Nazywam sie Filemon.m4a,Nazywam sie Filemon,Henryk,2022-07-15,m4a,918.997333
Henryk 2022-07-16 Filemon Czarne myszy.m4a,Filemon Czarne myszy,Henryk,2022-07-16,m4a,953.155918
Henryk 2022-07-18 Jak wygląda Filemon.m4a,Jak wygląda Filemon,Henryk,2022-07-18,m4a,954.549116
Henryk 2022-07-19 Puchatek tropi łasicę.m4a,Puchatek tropi łasicę,Henryk,2022-07-19,m4a,806.754104
Henryk 2022-07-20 Filemon w Lesie.m4a,Filemon w Lesie,Henryk,2022-07-20,m4a,1097.514376
Henryk 2022-07-21 Puchatek znajduje ogon Kłapouchego.m4a,Puchatek znajduje ogon Kłapouchego,Henryk,2022-07-21,m4a,863.040000
Henryk 2022-07-22 Puchatek łapie słonia.m4a,Puchatek łapie słonia,Henryk,2022-07-22,m4a,1310.650340
Henryk 2022-07-25 Filemon i Masz Babo Placek.m4a,Filemon i Masz Babo Placek,Henryk,2022-07-25,m4a,732.218050
Henryk 2022-07-27 Puchatek i rozmowa o Kangurzycy.m4a,Puchatek i rozmowa o Kangurzycy,Henryk,2022-07-27,m4a,695.850667
Henryk 2022-07-29 Puchatek i porwanie malenstwa.m4a,Puchatek i porwanie malenstwa,Henryk,2022-07-29,m4a,1241.088000
Henryk 2022-07-31 Puchatek i przyprawa na biegun.m4a,Puchatek i przyprawa na biegun,Henryk,2022-07-31,m4a,771.797333
Henryk 2022-08-01 Puchatek i dalsza czesc przyprawy.m4a,Puchatek i dalsza czesc przyprawy,Henryk,2022-08-01,m4a,599.146667
Henryk 2022-08-02 Puchatek znalazl biegun północny.m4a,Puchatek znalazl biegun północny,Henryk,2022-08-02,m4a,743.701333
Henryk 2022-08-04 Prosiaczek i woda.m4a,Prosiaczek i woda,Henryk,2022-08-04,m4a,690.133333
Henryk 2022-08-05 Puchatek otoczony wodą.m4a,Puchatek otoczony wodą,Henryk,2022-08-05,m4a,662.743946
Henryk 2022-08-06 Puchatek i Krzyś uratowali prosiaczka.m4a,Puchatek i Krzyś uratowali prosiaczka,Henryk,2022-08-06,m4a,643.424943
Henryk 2022-08-10 Puchatek i przyjęcie na jego cześć.m4a,Puchatek i przyjęcie na jego cześć,Henryk,2022-08-10,m4a,620.460408
Henryk 2022-08-12 Puchatek i koniec przyjęcia.m4a,Puchatek i koniec przyjęcia,Henryk,2022-08-12,m4a,501.461333
Henryk 2022-08-14 Powstaje Chatka Puchatka.m4a,Powstaje Chatka Puchatka,Henryk,2022-08-14,m4a,581.056145
Henryk 2022-08-15 Puchatek buduje chatkę Kłapouchemu.m4a,Puchatek buduje chatkę Kłapouchemu,Henryk,2022-08-15,m4a,655.232000
Henryk 2022-08-16 Koniec bajki o powstaniu Chatki Puchatka.m4a,Koniec bajki o powstaniu Chatki Puchatka,Henryk,2022-08-16,m4a,641.172608
Henryk 2022-08-17 Puchatek i Tygrysek spotykają się.m4a,Puchatek i Tygrysek spotykają się,Henryk,2022-08-17,m4a,656.256000
Henryk 2022-08-18 Puchatek i Tygrysek u Kłapouchego.m4a,Puchatek i Tygrysek u Kłapouchego,Henryk,2022-08-18,m4a,613.504000
Henryk 2022-08-19 Puchatek i Tygrysek u Kangurzycy.m4a,Puchatek i Tygrysek u Kangurzycy,Henryk,2022-08-19,m4a,549.082268
Henryk 2022-08-21 Puchatek na poszukiwaniu Małego.m4a,Puchatek na poszukiwaniu Małego,Henryk,2022-08-21,m4a,629.461333
Henryk 2022-08-23 Puchatek i Prosiaczek w pułapce na słonia.m4a,Puchatek i Prosiaczek w pułapce na słonia,Henryk,2022-08-23,m4a,666.538667
Henryk 2022-08-24 Puchatek i Prosiaczek znaleźli Małego.m4a,Puchatek i Prosiaczek znaleźli Małego,Henryk,2022-08-24,m4a,660.586667
Henryk 2022-08-25  Puchatek wyrusza w odwiedziny a Prosiaczek sadzi żołądź.m4a, Puchatek wyrusza w odwiedziny a Prosiaczek sadzi żołądź,Henryk,2022-08-25,m4a,662.848000
Henryk 2022-08-26 Puchatek z prosiaczkiem spotykają tygrysa na sośnie.m4a,Puchatek z prosiaczkiem spotykają tygrysa na sośnie,Henryk,2022-08-26,m4a,663.324444
"Henryk 2022-08-29 Puchatek, Krzyś, Kłapouchy i Prosiaczek ratują Tygrysa.m4a","Puchatek, Krzyś, Kłapouchy i Prosiaczek ratują Tygrysa",Henryk,2022-08-29,m4a,911.829333
Henryk 2022-08-30 Przed wyjazdem do Warszawy.m4a,Przed wyjazdem do Warszawy,Henryk,2022-08-30,m4a,279.850667
Henryk 2022-09-02 Królik poszedł do Krzysia.m4a,Królik poszedł do Krzysia,Henryk,2022-09-02,m4a,675.648000
Henryk 2022-09-03 Królik u Sowy Przemądrzałej.m4a,Królik u Sowy Przemądrzałej,Henryk,2022-09-03,m4a,620.053333
Henryk 2022-09-05 Królik przychodzi do Puchatka by zapytać o Krzysia.m4a,Królik przychodzi do Puchatka by zapytać o Krzysia,Henryk,2022-09-05,m4a,694.933333
Henryk 2022-09-06 Królik i Prosiaczek pytają Kłapouchego o Krzysia.m4a,Królik i Prosiaczek pytają Kłapouchego o Krzysia,Henryk,2022-09-06,m4a,749.162667
Henryk 2022-09-07 Puchatek bawi sie szyszkami w rzece.m4a,Puchatek bawi sie szyszkami w rzece,Henryk,2022-09-07,m4a,607.253333
Henryk 2022-09-09 Puchatek zobaczył Kłapouchego w rzece.m4a,Puchatek zobaczył Kłapouchego w rzece,Henryk,2022-09-09,m4a,751.402667
Henryk 2022-09-10 Puchatek uratował Kłapouchego i pdzyszedł Krzyś.m4a,Puchatek uratował Kłapouchego i pdzyszedł Krzyś,Henryk,2022-09-10,m4a,932.257959
Henryk 2022-09-12 Królik wymyślił jak wraz z Puchatkiem i Prosiaczkiem odbryknąć Tygryska.m4a,Królik wymyślił jak wraz z Puchatkiem i Prosiaczkiem odbryknąć Tygryska,Henryk,2022-09-12,m4a,736.885261
"Henryk 2022-09-13 Puchatek, Prosiaczek i Królik wyruszyli by odbryknąć Tygryska.m4a","Puchatek, Prosiaczek i Królik wyruszyli by odbryknąć Tygryska",Henryk,2022-09-13,m4a,691.349333
"Henryk 2022-09-14 Puchatek, Prosiaczek i Królik zgubili się w lesie.m4a","Puchatek, Prosiaczek i Królik zgubili się w lesie",Henryk,2022-09-14,m4a,541.610667
"Henryk 2022-09-15 Puchatek, Prosiaczek i Królik się zgubili i znaleźli.m4a","Puchatek, Prosiaczek i Królik się zgubili i znaleźli",Henryk,2022-09-15,m4a,736.448000
Henryk 2022-09-16 Puchatek i Prosiaczek poszli odwiedzić wszystkich.m4a,Puchatek i Prosiaczek poszli odwiedzić wszystkich,Henryk,2022-09-16,m4a,700.569252
Henryk 2022-09-18 Puchatek i Prosiaczek odwiedzają Sowę i wtedy silny wiatr przewraca dom Sowy.m4a,Puchatek i Prosiaczek odwiedzają Sowę i wtedy silny wiatr przewraca dom Sowy,Henryk,2022-09-18,m4a,743.018667
Henryk 2022-09-19 Puchatek wymyśla jak wszystkich uratować.m4a,Puchatek wymyśla jak wszystkich uratować,Henryk,2022-09-19,m4a,631.893333
Henryk 2022-09-20 Prosiaczek wydostaje się przez skrzynkę na listy Sowy i ratuje Sowę i Puchatka.m4a,Prosiaczek wydostaje się przez skrzynkę na listy Sowy i ratuje Sowę i Puchatka,Henryk,2022-09-20,m4a,572.736000
Henryk 2022-09-22 Puchatek układa piosenkę o domku Sowy i o dzielnym Prosiaczku.m4a,Puchatek układa piosenkę o domku Sowy i o dzielnym Prosiaczku,Henryk,2022-09-22,m4a,638.107574
Henryk 2022-09-23 Królik odwiedza Kłapouchego a Puchatek mówi Prosiaczkowi o mruczance dla niego.m4a,Królik odwiedza Kłapouchego a Puchatek mówi Prosiaczkowi o mruczance dla niego,Henryk,2022-09-23,m4a,733.680907
Henryk 2022-09-24 Wszyscy pracują przy starym mieszkaniu Sowy a Puchatek śpiewa wszystkim piosenkę o Prosiaczku.m4a,Wszyscy pracują przy starym mieszkaniu Sowy a Puchatek śpiewa wszystkim piosenkę o Prosiaczku,Henryk,2022-09-24,m4a,751.397732
Henryk 2022-09-26 Kłapouchy znajduje nowy dom dla Sowy.m4a,Kłapouchy znajduje nowy dom dla Sowy,Henryk,2022-09-26,m4a,658.688000
"Henryk 2022-09-27 Wszyscy przeczuwają, że Krzyś odejdzie, więc Kłapouchy skomponował o tym poemat.m4a","Wszyscy przeczuwają, że Krzyś odejdzie, więc Kłapouchy skomponował o tym poemat",Henryk,2022-09-27,m4a,697.450667
Henryk 2022-09-28 Wszyscy podpisują rezolucję a potem Krzyś tłumaczy Puchatkowi co to znaczy nie robić nic.m4a,Wszyscy podpisują rezolucję a potem Krzyś tłumaczy Puchatkowi co to znaczy nie robić nic,Henryk,2022-09-28,m4a,696.575420
"Henryk 2022-09-29 Krzyś żegna się z puchatkiem na Zaczarowanej Polanie i opowoada mu o Królach, Rycerzach i Mnożnikach. A Puchatek nic nie rozumie.m4a","Krzyś żegna się z puchatkiem na Zaczarowanej Polanie i opowoada mu o Królach, Rycerzach i Mnożnikach. A Puchatek nic nie rozumie",Henryk,2022-09-29,m4a,629.307211
Henryk 2022-09-30 Poznajemy Kubusia Puchatka i udaje się on z balonikiem po miód.m4a,Poznajemy Kubusia Puchatka i udaje się on z balonikiem po miód,Henryk,2022-09-30,m4a,829.248000
"Henryk 2022-10-01 Kubuś Puchatek udaje chmurkę by zmylić pszczoły, ale mu się to nie udaje.m4a","Kubuś Puchatek udaje chmurkę by zmylić pszczoły, ale mu się to nie udaje",Henryk,2022-10-01,m4a,613.355102
Henryk 2022-10-03 Kubuś Puchatek udaje się w odwiedziny do Królika.m4a,Kubuś Puchatek udaje się w odwiedziny do Królika,Henryk,2022-10-03,m4a,673.450667
Henryk 2022-10-04 Kubuś Puchatek utknął w drzwiach frontowych u Królika i przyjaciele go później uratowali.m4a,Kubuś Puchatek utknął w drzwiach frontowych u Królika i przyjaciele go później uratowali,Henryk,2022-10-04,m4a,861.738667
Henryk 2022-10-06 Kubuś Puchatek z Prosiaczkiem tropią łasicę.m4a,Kubuś Puchatek z Prosiaczkiem tropią łasicę,Henryk,2022-10-06,m4a,643.703583
Henryk 2022-10-08 Kubuś Puchatek i Prosiaczek spotykają Krzysia podczas gdy tropią zwierze.m4a,Kubuś Puchatek i Prosiaczek spotykają Krzysia podczas gdy tropią zwierze,Henryk,2022-10-08,m4a,578.112000
"Henryk 2022-10-10 Kubuś Puchatek odwiedza Kłapouchego i zauważa, że ten zgubił swój ogon.m4a","Kubuś Puchatek odwiedza Kłapouchego i zauważa, że ten zgubił swój ogon",Henryk,2022-10-10,m4a,637.573515
Henryk 2022-10-12 Urodziny Henryka i bajka w której Puchatek znajduje ogon Kłapouchego.m4a,Urodziny Henryka i bajka w której Puchatek znajduje ogon Kłapouchego,Henryk,2022-10-12,m4a,686.149660
Henryk 2022-10-13 Kubuś Puchatek razem z Prosiaczkiem planują złapać słonia.m4a,Kubuś Puchatek razem z Prosiaczkiem planują złapać słonia,Henryk,2022-10-13,m4a,578.176871
Henryk 2022-10-14 Puchatek i Prosiaczek budują pułapkę na słonia.m4a,Puchatek i Prosiaczek budują pułapkę na słonia,Henryk,2022-10-14,m4a,642.133333
Henryk 2022-10-15 Puchatek i Prosiaczek chcą sprawdzić czy udało im się złapać słonia.m4a,Puchatek i Prosiaczek chcą sprawdzić czy udało im się złapać słonia,Henryk,2022-10-15,m4a,631.957333
Henryk 2022-10-16 Puchatek dał się złapać w pułapkę na słonie.m4a,Puchatek dał się złapać w pułapkę na słonie,Henryk,2022-10-16,m4a,574.165333
"Henryk 2022-10-19 Kłapouchy oznajmia Puchatkowi, że ma dziś urodziny.m4a","Kłapouchy oznajmia Puchatkowi, że ma dziś urodziny",Henryk,2022-10-19,m4a,638.464000
"Henryk 2022-10-20 Puchatek wymyśla, że podaruje Kłapouchemu garnczek na różności.m4a","Puchatek wymyśla, że podaruje Kłapouchemu garnczek na różności",Henryk,2022-10-20,m4a,765.654785
Henryk 2022-10-21 Prosiaczek przy osi Kłapouchemu balonik w prezencie.m4a,Prosiaczek przy osi Kłapouchemu balonik w prezencie,Henryk,2022-10-21,m4a,685.056000
Henryk 2022-10-22 Kłapouchy dostaje od Puchatka i Prosiaczka prezenty i bardzo się z nich cieszy.m4a,Kłapouchy dostaje od Puchatka i Prosiaczka prezenty i bardzo się z nich cieszy,Henryk,2022-10-22,m4a,691.093333
"Henryk 2022-10-25 Królik, Prosiaczek i Puchatek planują porwanie Maleństwa Kangurzycy.m4a","Królik, Prosiaczek i Puchatek planują porwanie Maleństwa Kangurzycy",Henryk,2022-10-25,m4a,702.357333
"Henryk 2022-10-26 Królik, Prosiaczek i Puchatek spotykają Kangurzycę i Maleństwo i Prosiaczek wskakuje do kieszeni Kangurzycy.m4a","Królik, Prosiaczek i Puchatek spotykają Kangurzycę i Maleństwo i Prosiaczek wskakuje do kieszeni Kangurzycy",Henryk,2022-10-26,m4a,652.757333
Henryk 2022-10-27 Prosiaczek udaje Maleństwo a później Kangurzyca bierze go do kąpieli.m4a,Prosiaczek udaje Maleństwo a później Kangurzyca bierze go do kąpieli,Henryk,2022-10-27,m4a,805.477007
"Henryk 2022-10-28 Krzyś, Puchatek, Prosiaczek i wszyscy inni wyruszają na Przyprawę na biegun północny.m4a","Krzyś, Puchatek, Prosiaczek i wszyscy inni wyruszają na Przyprawę na biegun północny",Henryk,2022-10-28,m4a,820.105578
"Henryk 2022-10-29 Krzyś, Puchatek, Prosiaczek i wszyscy inni wyruszyli na wyprawę i dotarli do miejsca gdzie może czaić się Zasadzka.m4a","Krzyś, Puchatek, Prosiaczek i wszyscy inni wyruszyli na wyprawę i dotarli do miejsca gdzie może czaić się Zasadzka",Henryk,2022-10-29,m4a,668.757333
Henryk 2022-11-01 Maleństwo wpadło do wody i wszyscy chcą je uratować.m4a,Maleństwo wpadło do wody i wszyscy chcą je uratować,Henryk,2022-11-01,m4a,714.688000
Henryk 2022-11-02 Kubuś Puchatek znalazł biegun północny i wyprawa się zakończyła.m4a,Kubuś Puchatek znalazł biegun północny i wyprawa się zakończyła,Henryk,2022-11-02,m4a,849.024000
Henryk 2022-11-03 Prosiaczek szuka ratunku w srogim deszczu i wysyła wiadomość w butelce.m4a,Prosiaczek szuka ratunku w srogim deszczu i wysyła wiadomość w butelce,Henryk,2022-11-03,m4a,623.936000
Henryk 2022-11-04 Puchatek ratuje się przed deszczem na drzewie a potem wyrusza na Pływającym Misiu do Krzysia.m4a,Puchatek ratuje się przed deszczem na drzewie a potem wyrusza na Pływającym Misiu do Krzysia,Henryk,2022-11-04,m4a,631.629206
Henryk 2022-11-05 Puchatek przypłynął do Krzysia i zastanawiają się razem jak uratować Prosiaczka.m4a,Puchatek przypłynął do Krzysia i zastanawiają się razem jak uratować Prosiaczka,Henryk,2022-11-05,m4a,658.176000
Henryk 2022-11-07 Puchatek i Krzyś wypłynęli by uratować Prosiaczka.m4a,Puchatek i Krzyś wypłynęli by uratować Prosiaczka,Henryk,2022-11-07,m4a,668.096000
Henryk 2022-11-08 Krzyś wydaje przyjęcie na cześć Puchatka.m4a,Krzyś wydaje przyjęcie na cześć Puchatka,Henryk,2022-11-08,m4a,627.221333
Henryk 2022-11-09 Kłapouchy przemawia na przyjęciu myśląc że to na jego cześć.m4a,Kłapouchy przemawia na przyjęciu myśląc że to na jego cześć,Henryk,2022-11-09,m4a,608.853333
Henryk 2022-11-12 Kubuś Puchatek odbiera prezent na przyjęciu wydanym na jego cześć.m4a,Kubuś Puchatek odbiera prezent na przyjęciu wydanym na jego cześć,Henryk,2022-11-12,m4a,640.618667
Henryk 2022-11-14 Kubuś Puchatek wymyślił nową śnieżną mruczankę.m4a,Kubuś Puchatek wymyślił nową śnieżną mruczankę,Henryk,2022-11-14,m4a,731.520000
Henryk 2022-11-15 Kubuś Puchatek i Prosiaczek wpadają na pomysł by wybudować domek Kłapouchemu.m4a,Kubuś Puchatek i Prosiaczek wpadają na pomysł by wybudować domek Kłapouchemu,Henryk,2022-11-15,m4a,611.392000
Henryk 2022-11-16 Kubuś Puchatek i Prosiaczek pokazują Kłapouchemu nową chatkę.m4a,Kubuś Puchatek i Prosiaczek pokazują Kłapouchemu nową chatkę,Henryk,2022-11-16,m4a,854.471111
Henryk 2022-11-17 Kubuś Puchatek spotyka Tygryska w swoim domu.m4a,Kubuś Puchatek spotyka Tygryska w swoim domu,Henryk,2022-11-17,m4a,748.650667
Henryk 2022-11-18 Tygrysek wraz z Puchatkiem przychodzą do Prosiaczka na śniadanie.m4a,Tygrysek wraz z Puchatkiem przychodzą do Prosiaczka na śniadanie,Henryk,2022-11-18,m4a,820.987937
Henryk 2022-11-20 Tygrysek odkrywa że lubi tran.m4a,Tygrysek odkrywa że lubi tran,Henryk,2022-11-20,m4a,676.714667
Henryk 2022-11-21 Kubuś Puchatek wybiera się do Prosiaczka w poszukiwaniu Małego.m4a,Kubuś Puchatek wybiera się do Prosiaczka w poszukiwaniu Małego,Henryk,2022-11-21,m4a,691.200000
Henryk 2022-11-23 Kubuś Puchatek i Prosiaczek wpadają do pułapki na słonie.m4a,Kubuś Puchatek i Prosiaczek wpadają do pułapki na słonie,Henryk,2022-11-23,m4a,634.671020
Henryk 2022-11-24 Puchatek z Prosiaczkiem wydostają się z pułapki na słonie.m4a,Puchatek z Prosiaczkiem wydostają się z pułapki na słonie,Henryk,2022-11-24,m4a,617.856000
Henryk 2022-11-26 Prosiaczek wyobraża sobie swoją rozmowę ze słoniem.m4a,Prosiaczek wyobraża sobie swoją rozmowę ze słoniem,Henryk,2022-11-26,m4a,768.298667
Henryk 2022-11-27 Prosiaczek odnajduje Małego i spotyka Krzysia.m4a,Prosiaczek odnajduje Małego i spotyka Krzysia,Henryk,2022-11-27,m4a,608.664671
Henryk 2022-11-29 Puchatek wybrał się na spacer po lesie i myśli o przyjaciołach.m4a,Puchatek wybrał się na spacer po lesie i myśli o przyjaciołach,Henryk,2022-11-29,m4a,486.037333
Henryk 2022-11-30 Tygrysek z Maleństwem wspinają się na drzewo.m4a,Tygrysek z Maleństwem wspinają się na drzewo,Henryk,2022-11-30,m4a,897.322667
Henryk 2022-12-02 Tygrys i Maleństwo utknęli na drzewie i spotkali Puchatka z Prosiaczkiem.m4a,Tygrys i Maleństwo utknęli na drzewie i spotkali Puchatka z Prosiaczkiem,Henryk,2022-12-02,m4a,787.574422
Henryk 2022-12-03 Krzyś i reszta przyjaciół ratują Tygryska i Maleństwo.m4a,Krzyś i reszta przyjaciół ratują Tygryska i Maleństwo,Henryk,2022-12-03,m4a,712.149333
Henryk 2022-12-05 Królik wybiera się do Krzysia ale nie zastaje go w domu.m4a,Królik wybiera się do Krzysia ale nie zastaje go w domu,Henryk,2022-12-05,m4a,792.490667
"Henryk 2022-12-06 Królik konsultuje się z Sową w sprawie tego, że Krzyś gdzieś poszedł.m4a","Królik konsultuje się z Sową w sprawie tego, że Krzyś gdzieś poszedł",Henryk,2022-12-06,m4a,734.016000
Henryk 2022-12-07 Królik spotyka Puchatka i pyta go czy widział Krzysia.m4a,Królik spotyka Puchatka i pyta go czy widział Krzysia,Henryk,2022-12-07,m4a,888.362667
Henryk 2022-12-08 Królik i Prosiaczek odwiedzają Kłapouchego pytając o to co robi Krzyś przed południem.m4a,Królik i Prosiaczek odwiedzają Kłapouchego pytając o to co robi Krzyś przed południem,Henryk,2022-12-08,m4a,873.749333
Henryk 2022-12-10 Puchatek wymyśla grę w pływające Misie-Patysie.m4a,Puchatek wymyśla grę w pływające Misie-Patysie,Henryk,2022-12-10,m4a,967.829333
Henryk 2022-12-12 Puchatek z Przyjaciółmi dostrzega w rzece Kłapouchego i wymyśla plan by go uratować.m4a,Puchatek z Przyjaciółmi dostrzega w rzece Kłapouchego i wymyśla plan by go uratować,Henryk,2022-12-12,m4a,744.064000
Henryk 2022-12-13 Puchatek wraz z przyjaciółmi uratował Kłapouchego z rzeki.m4a,Puchatek wraz z przyjaciółmi uratował Kłapouchego z rzeki,Henryk,2022-12-13,m4a,722.026667
Henryk 2022-12-15 Kłapouchy opowiada o tym jak został wbryknięty do rzeki.m4a,Kłapouchy opowiada o tym jak został wbryknięty do rzeki,Henryk,2022-12-15,m4a,810.197333
Henryk 2022-12-16 Królik rozmawia z Puchatkiem i Prosiaczkiem o odbryknięciu Tygryska.m4a,Królik rozmawia z Puchatkiem i Prosiaczkiem o odbryknięciu Tygryska,Henryk,2022-12-16,m4a,682.581333
Henryk 2022-12-17 Królik objaśnia Puchatkowi i Prosiaczkowi plan na odbryknięcie Tygryska następnego dnia.m4a,Królik objaśnia Puchatkowi i Prosiaczkowi plan na odbryknięcie Tygryska następnego dnia,Henryk,2022-12-17,m4a,804.693333
"Henryk 2022-12-20 Puchatek, Królik, Prosiaczek zabrali Tygryska na wyprawę by go odbryknąć.m4a","Puchatek, Królik, Prosiaczek zabrali Tygryska na wyprawę by go odbryknąć",Henryk,2022-12-20,m4a,853.077914
"Henryk 2022-12-21 Puchatek, Prosiaczek i Króik zgubili się w lesie chcąc zgubić Tygryska.m4a","Puchatek, Prosiaczek i Króik zgubili się w lesie chcąc zgubić Tygryska",Henryk,2022-12-21,m4a,764.725986
"Henryk 2022-12-23 Puchatek, Prosiaczek i Królik pdnaleźli się w końcu i bardzo ucieszyli.m4a","Puchatek, Prosiaczek i Królik pdnaleźli się w końcu i bardzo ucieszyli",Henryk,2022-12-23,m4a,844.068571
Henryk 2022-12-24 Życzenia świąteczne od Mikołaja i Marty.m4a,Życzenia świąteczne od Mikołaja i Marty,Henryk,2022-12-24,m4a,19.180567
Henryk 2022-12-24 Życzenia świąteczne od Michała i Danieli.m4a,Życzenia świąteczne od Michała i Danieli,Henryk,2022-12-24,m4a,23.274667
Henryk 2022-12-24 Życzenia świąteczne i świąteczna bajka o aniołku Lenusi.m4a,Życzenia świąteczne i świąteczna bajka o aniołku Lenusi,Henryk,2022-12-24,m4a,1804.979955
Henryk 2022-12-24 Życzenia świąteczne od Babusi i Dziadziusia z Krakowa.m4a,Życzenia świąteczne od Babusi i Dziadziusia z Krakowa,Henryk,2022-12-24,m4a,53.440000
Henryk 2022-12-25 Bajka o Najważniejszym prezencie na święta.m4a,Bajka o Najważniejszym prezencie na święta,Henryk,2022-12-25,m4a,1545.045333
Henryk 2022-12-26 Bajka o świątecznym elfie.m4a,Bajka o świątecznym elfie,Henryk,2022-12-26,m4a,1681.473016
Henryk 2022-12-27 Kubuś Puchatek z Prosiaczkiem postanawiają odwiedzić przyjaciół i życzyć im Szczęśliwego Czwartku.m4a,Kubuś Puchatek z Prosiaczkiem postanawiają odwiedzić przyjaciół i życzyć im Szczęśliwego Czwartku,Henryk,2022-12-27,m4a,1089.450667
"Henryk 2022-12-29 Puchatek i Prosiaczek odwiedzają Kłapouchego a potem Sowę, gdy nagle domek Sowy przewraca się.m4a","Puchatek i Prosiaczek odwiedzają Kłapouchego a potem Sowę, gdy nagle domek Sowy przewraca się",Henryk,2022-12-29,m4a,843.754667
"Henryk 2022-12-30 Kubuś Puchatek, Prosiaczek i Sowa próbują zrozumieć co też się stało z domkiem Sowy.m4a","Kubuś Puchatek, Prosiaczek i Sowa próbują zrozumieć co też się stało z domkiem Sowy",Henryk,2022-12-30,m4a,826.432000
Henryk 2022-12-31 Kubuś Puchatek wymyśla jak Prosiaczek mógłby wszystkich uratować z domku Sowy.m4a,Kubuś Puchatek wymyśla jak Prosiaczek mógłby wszystkich uratować z domku Sowy,Henryk,2022-12-31,m4a,859.221333
Henryk 2023-01-02 Prosiaczek ratuje Puchatka i Sowę.m4a,Prosiaczek ratuje Puchatka i Sowę,Henryk,2023-01-02,m4a,1091.818667
Henryk 2023-01-03 Puchatek wymyśla pochwalną piosenkę o Prosiaczku.m4a,Puchatek wymyśla pochwalną piosenkę o Prosiaczku,Henryk,2023-01-03,m4a,977.109333
Henryk 2023-01-04 Nagranie po wizycie w żłobku.m4a,Nagranie po wizycie w żłobku,Henryk,2023-01-04,m4a,488.245986
Henryk 2023-01-05 Królik rozmawia z Kłapouchym o znalezieniu domku dla Sowy.m4a,Królik rozmawia z Kłapouchym o znalezieniu domku dla Sowy,Henryk,2023-01-05,m4a,954.133333
Henryk 2023-01-06 Przyjaciele Kubusia Puchatka i Sowy uwijają się by zebrać rzeczy ze starego mieszkania Sowy.m4a,Przyjaciele Kubusia Puchatka i Sowy uwijają się by zebrać rzeczy ze starego mieszkania Sowy,Henryk,2023-01-06,m4a,937.436009
"Henryk 2023-01-07 Kłapouchy, Puchatek, Prosiaczek i Krzyś idą do domu Prosiaczka by tam zamieszkała Sowa.m4a","Kłapouchy, Puchatek, Prosiaczek i Krzyś idą do domu Prosiaczka by tam zamieszkała Sowa",Henryk,2023-01-07,m4a,915.242667
Henryk 2023-01-08 Królik wzywa przyjaciół do powzięcia Ryzolucji w sprawie odejścia Krzysia a Kłapouchy czyta Poemat.m4a,Królik wzywa przyjaciół do powzięcia Ryzolucji w sprawie odejścia Krzysia a Kłapouchy czyta Poemat,Henryk,2023-01-08,m4a,1049.856000
Henryk 2023-01-10 Puchatek i Krzyś wybierają się w zaczarowane miejsce by nic nie robić.m4a,Puchatek i Krzyś wybierają się w zaczarowane miejsce by nic nie robić,Henryk,2023-01-10,m4a,799.658667
Henryk 2023-01-11 Krzyś żegna się z Kubusiem Puchatkiem w Zaczarowanym Miejscu.m4a,Krzyś żegna się z Kubusiem Puchatkiem w Zaczarowanym Miejscu,Henryk,2023-01-11,m4a,1007.552000
Rodzice Henryk 2023-01-12 Tupcio Chrupcio.m4a,Tupcio Chrupcio,Rodzice Henryk,2023-01-12,m4a,211.904000
"Henryk 2023-01-13 Znowu poznajemy Kubusia Puchatka, który chciałby przechytrzyć pszczoły by zdobyć Miód.m4a","Znowu poznajemy Kubusia Puchatka, który chciałby przechytrzyć pszczoły by zdobyć Miód",Henryk,2023-01-13,m4a,962.346667
Henryk 2023-01-14 Kubuś Puchatek próbuje zmylić pszczoły by dobrać się do miodku.m4a,Kubuś Puchatek próbuje zmylić pszczoły by dobrać się do miodku,Henryk,2023-01-14,m4a,1171.690667
Henryk 2023-01-14 Melodia dla Henryczka.m4a,Melodia dla Henryczka,Henryk,2023-01-14,m4a,97.616689
Henryk 2023-01-17 Kubuś Puchatek przychodzi zjeść małe co nieco u Królika i utyka w drzwiach.m4a,Kubuś Puchatek przychodzi zjeść małe co nieco u Królika i utyka w drzwiach,Henryk,2023-01-17,m4a,1045.504000
Henryk 2023-01-18 Kubuś Puchatek chudnie przez tydzień by w końcu się uwolnić.m4a,Kubuś Puchatek chudnie przez tydzień by w końcu się uwolnić,Henryk,2023-01-18,m4a,817.621333
Henryk 2023-01-19 Kubuś Puchatek tropi dwie łasice dookoła zagajnika.m4a,Kubuś Puchatek tropi dwie łasice dookoła zagajnika,Henryk,2023-01-19,m4a,755.157333
Henryk 2023-01-20 Kubuś Puchatek tropi dwie łasice i może też lisa a później spotyka Krzysia.m4a,Kubuś Puchatek tropi dwie łasice i może też lisa a później spotyka Krzysia,Henryk,2023-01-20,m4a,976.747392
"Henryk 2023-01-21 Puchatek zwraca uwagę Kłapouchemu, że ten zgubił swój ogon.m4a","Puchatek zwraca uwagę Kłapouchemu, że ten zgubił swój ogon",Henryk,2023-01-21,m4a,902.037333
Henryk 2023-01-23 Kubuś Puchatek odnajduje ogon Kłapouchego u Sowy.m4a,Kubuś Puchatek odnajduje ogon Kłapouchego u Sowy,Henryk,2023-01-23,m4a,999.177868
"Henryk 2023-01-25 Puchatek wymyśla sobie, że będzie próbował złapać słonia.m4a","Puchatek wymyśla sobie, że będzie próbował złapać słonia",Henryk,2023-01-25,m4a,761.344000
Henryk 2023-01-26 Puchatek z Prosiaczkiem wymyślają jak zwabić słonia do pułapki.m4a,Puchatek z Prosiaczkiem wymyślają jak zwabić słonia do pułapki,Henryk,2023-01-26,m4a,752.192000
Henryk 2023-01-27 Puchatek przygotował garnek miodu żeby złapać słonia.m4a,Puchatek przygotował garnek miodu żeby złapać słonia,Henryk,2023-01-27,m4a,810.218667
"Henryk 2023-01-28 Prosiaczek przestraszył się słonia w pułapce na słonie, ale okazało się że to Puchatek.m4a","Prosiaczek przestraszył się słonia w pułapce na słonie, ale okazało się że to Puchatek",Henryk,2023-01-28,m4a,1014.293333
Henryk 2023-01-29 Puchatek odwiedza Kłapouchego i dowiaduje się o jego urodzinach.m4a,Puchatek odwiedza Kłapouchego i dowiaduje się o jego urodzinach,Henryk,2023-01-29,m4a,1021.610667
Henryk 2023-01-31 Puchatek udaje się do sowy by przygotować śluczną baryłeczkę w prezencie dla Kłapouchego.m4a,Puchatek udaje się do sowy by przygotować śluczną baryłeczkę w prezencie dla Kłapouchego,Henryk,2023-01-31,m4a,985.942494
Henryk 2023-02-02 Kłapouchy cieszy się jak nigdy wcześniej z prezentów urodzinowych od Puchatka i Prosiaczka.m4a,Kłapouchy cieszy się jak nigdy wcześniej z prezentów urodzinowych od Puchatka i Prosiaczka,Henryk,2023-02-02,m4a,1090.602667
Henryk 2023-02-03 Do lasu wprowadza się Kangurzyca z Maleństwem i Królikowi nie za bardzo się to podoba.m4a,Do lasu wprowadza się Kangurzyca z Maleństwem i Królikowi nie za bardzo się to podoba,Henryk,2023-02-03,m4a,831.104000
Henryk 2023-02-05 Królik sporządził plan porwania Maleństwa i wyjaśnia Prosiaczkowi i Puchatkowi co mają robić.m4a,Królik sporządził plan porwania Maleństwa i wyjaśnia Prosiaczkowi i Puchatkowi co mają robić,Henryk,2023-02-05,m4a,1173.269333
Henryk 2023-02-06 Królik i Puchatek odwracają uwagę Kangurzycy za pomocą wiersza a Prosiaczek wskakuje do torby Kangurzycy zamiast Maleństwa.m4a,Królik i Puchatek odwracają uwagę Kangurzycy za pomocą wiersza a Prosiaczek wskakuje do torby Kangurzycy zamiast Maleństwa,Henryk,2023-02-06,m4a,838.762667
Henryk 2023-02-07 Kangurzyca postanowiła spłatać figla Prosiaczkowi i udawała że Prosiaczek to Maleństwo.m4a,Kangurzyca postanowiła spłatać figla Prosiaczkowi i udawała że Prosiaczek to Maleństwo,Henryk,2023-02-07,m4a,1011.072000
Rodzice Henryk 2023-02-08 Opowiadanie o lokomotywie.m4a,Opowiadanie o lokomotywie,Rodzice Henryk,2023-02-08,m4a,349.312000
Henryk 2023-02-08 Puchatek udaje się w odwiedziny do Krzysia a ten z kolei wymyśla że wszyscy przyjaciele wyruszą na wyprawę.m4a,Puchatek udaje się w odwiedziny do Krzysia a ten z kolei wymyśla że wszyscy przyjaciele wyruszą na wyprawę,Henryk,2023-02-08,m4a,898.581333
Henryk 2023-02-11 Wszyscy w końcu ruszają na wyprawę z Krzysiem i Królikiem na czele.m4a,Wszyscy w końcu ruszają na wyprawę z Krzysiem i Królikiem na czele,Henryk,2023-02-11,m4a,852.352000
Henryk 2023-02-12 Wyprawa wyruszyła i cała ferajna dotarła do niebezpiecznego miejsca.m4a,Wyprawa wyruszyła i cała ferajna dotarła do niebezpiecznego miejsca,Henryk,2023-02-12,m4a,784.853333
Henryk 2023-02-14 Przyjaciele Kubusia Puchatka przybywają nad strumyk by odpocząć i Maleństwo wpada do wody by zostać przez Puchatka uratowanym.m4a,Przyjaciele Kubusia Puchatka przybywają nad strumyk by odpocząć i Maleństwo wpada do wody by zostać przez Puchatka uratowanym,Henryk,2023-02-14,m4a,1074.294422
Henryk 2023-02-16 Prosiaczek został w domu w czasie wielkiej ulewy i szuka pomocy.m4a,Prosiaczek został w domu w czasie wielkiej ulewy i szuka pomocy,Henryk,2023-02-16,m4a,983.829333
Henryk 2023-02-17 Puchatek śni o wyprawie na biegun wschodni i nagle budzi się z łapkami w wodzie i ratuje się wchodząc na drzewo.m4a,Puchatek śni o wyprawie na biegun wschodni i nagle budzi się z łapkami w wodzie i ratuje się wchodząc na drzewo,Henryk,2023-02-17,m4a,837.098667
Rodzice Henryk 2023-02-19 Kot Filemon pojawia się w izbie i Bonifacemu sie to nie podoba.m4a,Kot Filemon pojawia się w izbie i Bonifacemu sie to nie podoba,Rodzice Henryk,2023-02-19,m4a,564.448000
Henryk 2023-02-19 Krzyś martwi się o przyjaciół w czasie ulewy gdy przybywa do niego Puchatek na Pływającym Misiu.m4a,Krzyś martwi się o przyjaciół w czasie ulewy gdy przybywa do niego Puchatek na Pływającym Misiu,Henryk,2023-02-19,m4a,1092.309333
Henryk 2023-02-20 Kubuś Puchatek wpada na wspaniały pomysł stworzenia statku „Rozum Puchatka” i wyrusza wraz z Krzysiem na ratunek Prosiaczkowi.m4a,Kubuś Puchatek wpada na wspaniały pomysł stworzenia statku „Rozum Puchatka” i wyrusza wraz z Krzysiem na ratunek Prosiaczkowi,Henryk,2023-02-20,m4a,891.553379
Henryk 2023-02-22 Krzyś zamierza udządzić przyjęcie na cześć Puchatka i zaprasza wszystkich przyjaciół.m4a,Krzyś zamierza udządzić przyjęcie na cześć Puchatka i zaprasza wszystkich przyjaciół,Henryk,2023-02-22,m4a,900.609161
Henryk 2023-02-23 Krzyś szuka na przyjęciu Puchatka i prezentu dla Puchatka podczas gdy Kłapouchy myśli że przyjęcie jest dla niego.m4a,Krzyś szuka na przyjęciu Puchatka i prezentu dla Puchatka podczas gdy Kłapouchy myśli że przyjęcie jest dla niego,Henryk,2023-02-23,m4a,960.191565
Henryk 2023-02-24 Kubuś Puchatek dostaje w prezencie skrzyneczkę z kolorowymi ołówkami i tu opowieść się kończy.m4a,Kubuś Puchatek dostaje w prezencie skrzyneczkę z kolorowymi ołówkami i tu opowieść się kończy,Henryk,2023-02-24,m4a,813.325351
Henryk 2023-02-25 Antoni Smok spotyka Wincentego Smoka i rozmawiają o grze w piłkę.m4a,Antoni Smok spotyka Wincentego Smoka i rozmawiają o grze w piłkę,Henryk,2023-02-25,m4a,960.789333
Rodzice Henryk 2023-02-26 Kot Filemon  powoli oswaja się ze swoim nowym domem i z Bonifacym.m4a,Kot Filemon  powoli oswaja się ze swoim nowym domem i z Bonifacym,Rodzice Henryk,2023-02-26,m4a,443.904000
Henryk 2023-02-27 Smok Antoni i Wincenty spotykają grającego na saksofonie Smoka Zygmunta i zostają przyjaciółmi.m4a,Smok Antoni i Wincenty spotykają grającego na saksofonie Smoka Zygmunta i zostają przyjaciółmi,Henryk,2023-02-27,m4a,1001.514667
Henryk 2023-02-28 Smoki spędzają popołudnie z żabą i spotykają też kurę która inspiruje ich do nauki latania.m4a,Smoki spędzają popołudnie z żabą i spotykają też kurę która inspiruje ich do nauki latania,Henryk,2023-02-28,m4a,1081.280000
Henryk 2023-03-02 Smoki uczą się latać i Smok Antoni dowiaduje się że smoki nie latają.m4a,Smoki uczą się latać i Smok Antoni dowiaduje się że smoki nie latają,Henryk,2023-03-02,m4a,893.525333
Henryk 2023-03-03 Smoki wybudowały murek i za tym murkiem spotkały dwa głodne nowe smoki.m4a,Smoki wybudowały murek i za tym murkiem spotkały dwa głodne nowe smoki,Henryk,2023-03-03,m4a,990.784000
Henryk 2023-03-04 Żaba śni o tym że jest cebulą na grzędzie i odwiedzają ją motyle przygotowujące się do ćwiczenia baletu.m4a,Żaba śni o tym że jest cebulą na grzędzie i odwiedzają ją motyle przygotowujące się do ćwiczenia baletu,Henryk,2023-03-04,m4a,805.525333
Rodzice Henryk 2023-03-05 Bajka o kocie Filemonie.m4a,Bajka o kocie Filemonie,Rodzice Henryk,2023-03-05,m4a,327.296000
Henryk 2023-03-07 Żaba śni o motylim balecie i bardzo jej się ten sen podoba aż w końcu się budzi.m4a,Żaba śni o motylim balecie i bardzo jej się ten sen podoba aż w końcu się budzi,Henryk,2023-03-07,m4a,1070.037333
Henryk 2023-03-08 Smoki spotykają Makrauchenię przy okazji prania.m4a,Smoki spotykają Makrauchenię przy okazji prania,Henryk,2023-03-08,m4a,1011.456000
Henryk 2023-03-09 Makrauchenia opowiada swoją historię po czym wszyscy przypominają sobie że trzeba dokończyć pranie.m4a,Makrauchenia opowiada swoją historię po czym wszyscy przypominają sobie że trzeba dokończyć pranie,Henryk,2023-03-09,m4a,1119.402667
Henryk 2023-03-11 Rysio Kapustnik zapowiada pojawienie się wieczorem przy ognisku Niespodzianki dla wszystkich smoków.m4a,Rysio Kapustnik zapowiada pojawienie się wieczorem przy ognisku Niespodzianki dla wszystkich smoków,Henryk,2023-03-11,m4a,949.269333
Henryk 2023-03-12 Do naszych smoków dołącza niesamowity puchaty Tortowy Smok Urodzinowy i wszyscy się nim zachwycają.m4a,Do naszych smoków dołącza niesamowity puchaty Tortowy Smok Urodzinowy i wszyscy się nim zachwycają,Henryk,2023-03-12,m4a,1009.834667
Henryk 2023-03-14 Żaba kupiła sobie białe podkolanówki i pepegi a Makrauchenia chce jej sprezentować śliczną sukienkę.m4a,Żaba kupiła sobie białe podkolanówki i pepegi a Makrauchenia chce jej sprezentować śliczną sukienkę,Henryk,2023-03-14,m4a,936.277333
Henryk 2023-03-16 Żaba i Makrauchenia odwiedzają Krokodyla i jedzą pierogi ze śliwkami na obiad.m4a,Żaba i Makrauchenia odwiedzają Krokodyla i jedzą pierogi ze śliwkami na obiad,Henryk,2023-03-16,m4a,1007.978667
Henryk 2023-03-18 Żaba otrzymuje w prezencie od Krokodyla piękną czerwoną sukienkę a smoki ptrzymują wełniane nauszniki.m4a,Żaba otrzymuje w prezencie od Krokodyla piękną czerwoną sukienkę a smoki ptrzymują wełniane nauszniki,Henryk,2023-03-18,m4a,1181.312000
Rodzice Henryk 2023-03-19 Filemon jest zafascynowany płomykiem który skacze po izbie.m4a,Filemon jest zafascynowany płomykiem który skacze po izbie,Rodzice Henryk,2023-03-19,m4a,394.944000
Henryk 2023-03-20 Smoki wybierają się na wycieczkę do Krakowa gdzie żył swego czasu Smok Wawelski co za bardzo mądry nie był.m4a,Smoki wybierają się na wycieczkę do Krakowa gdzie żył swego czasu Smok Wawelski co za bardzo mądry nie był,Henryk,2023-03-20,m4a,811.477333
Henryk 2023-03-22 Żaba i Krokodyl czekają z wytęsknieniem na powrót smoków z wycieczki do Krakowa.m4a,Żaba i Krokodyl czekają z wytęsknieniem na powrót smoków z wycieczki do Krakowa,Henryk,2023-03-22,m4a,925.141333
Henryk 2023-03-23 Smoki wracają z wycieczki do Krakowa i stwierdzają że jednak wycieczek nie lubią.m4a,Smoki wracają z wycieczki do Krakowa i stwierdzają że jednak wycieczek nie lubią,Henryk,2023-03-23,m4a,1046.848000
Henryk 2023-03-24 Smoki przygotowują się do zimowego snu i razem z żabą i krokodylem szukają jaskini do zimowego snu.m4a,Smoki przygotowują się do zimowego snu i razem z żabą i krokodylem szukają jaskini do zimowego snu,Henryk,2023-03-24,m4a,1252.138667
Henryk 2023-03-26 Puchatek wyrusza na przechadzkę i sprawdza czy Prosiaczek jest u siebie w domu.m4a,Puchatek wyrusza na przechadzkę i sprawdza czy Prosiaczek jest u siebie w domu,Henryk,2023-03-26,m4a,857.813333
Henryk 2023-03-27 Puchatek z Prosiaczkiem śpiewają  Mruczankę z Nadworu o padającym śniegu i marznących paluszkach.m4a,Puchatek z Prosiaczkiem śpiewają  Mruczankę z Nadworu o padającym śniegu i marznących paluszkach,Henryk,2023-03-27,m4a,954.026667
Henryk 2023-03-29 Puchatek z Prosiaczkiem wpadają na pomysł by zbudować Kłapouchemu domek z patyków.m4a,Puchatek z Prosiaczkiem wpadają na pomysł by zbudować Kłapouchemu domek z patyków,Henryk,2023-03-29,m4a,757.077333
Henryk 2023-03-31 Kłapouchy odwiedza Krzysia i mówi mu że coś stało się z jego chatką.m4a,Kłapouchy odwiedza Krzysia i mówi mu że coś stało się z jego chatką,Henryk,2023-03-31,m4a,1186.304000
Henryk 2023-04-01 Kłapouchy spotyka Puchatka i Prosiaczka którzy niechcący rozebrali jego stary domek ale za to wybudowali nowy.m4a,Kłapouchy spotyka Puchatka i Prosiaczka którzy niechcący rozebrali jego stary domek ale za to wybudowali nowy,Henryk,2023-04-01,m4a,1162.298050
Henryk 2023-04-02 Puchatka budzi w nocy dziwny hałas i okazuje się że to Tygrysek i że Tygrysek nie lubi miodku.m4a,Puchatka budzi w nocy dziwny hałas i okazuje się że to Tygrysek i że Tygrysek nie lubi miodku,Henryk,2023-04-02,m4a,1111.724989
Rodzice Henryk 2023-04-04 Dziadkowie opowiadają o świętach wielkanocnych a Filemon ma pierwszy raz w życiu do czynienia z praniem.m4a,Dziadkowie opowiadają o świętach wielkanocnych a Filemon ma pierwszy raz w życiu do czynienia z praniem,Rodzice Henryk,2023-04-04,m4a,672.256000
Henryk 2023-04-04 Tygrysek z Puchatkiem wybierają się na śniadanie do Prosiaczka i tam Tygrys dowiaduje się że nie lubi żołędzi.m4a,Tygrysek z Puchatkiem wybierają się na śniadanie do Prosiaczka i tam Tygrys dowiaduje się że nie lubi żołędzi,Henryk,2023-04-04,m4a,995.857415
Henryk 2023-04-06 Tygrysek wraz z Prosiaczkiem i Puchatkiem udaje się na śniadanie do Kłapouchego.m4a,Tygrysek wraz z Prosiaczkiem i Puchatkiem udaje się na śniadanie do Kłapouchego,Henryk,2023-04-06,m4a,891.200000
Henryk 2023-04-08 List do syna i bajka gdzie Tygrys przybywa z Puchatkiem i Prosiaczkiem do Mamy Kangurzycy.m4a,List do syna i bajka gdzie Tygrys przybywa z Puchatkiem i Prosiaczkiem do Mamy Kangurzycy,Henryk,2023-04-08,m4a,1169.035011
Henryk 2023-04-09 Życzenia Wielkanocne.m4a,Życzenia Wielkanocne,Henryk,2023-04-09,m4a,173.476281
Henryk 2023-04-10 Królik odwiedza Puchatka i  Puchatek wymyśla Puchatkowy plan odnalezienia Małego.m4a,Królik odwiedza Puchatka i  Puchatek wymyśla Puchatkowy plan odnalezienia Małego,Henryk,2023-04-10,m4a,970.816000
Henryk 2023-04-12 Kubuś Puchatek i Prosiaczek wpadają do wielkiego dołu.m4a,Kubuś Puchatek i Prosiaczek wpadają do wielkiego dołu,Henryk,2023-04-12,m4a,847.488000
Henryk 2023-04-14 Puchatek i Prosiaczek rozmawiają o Słoniu w dole który jest Pułapką na Słonie.m4a,Puchatek i Prosiaczek rozmawiają o Słoniu w dole który jest Pułapką na Słonie,Henryk,2023-04-14,m4a,882.069333
Henryk 2023-04-15 Prosiaczek wyobraża sobie że rozmawia ze Słoniem aż przychodzi Krzyś i Prosiaczek myśli że to Słoń.m4a,Prosiaczek wyobraża sobie że rozmawia ze Słoniem aż przychodzi Krzyś i Prosiaczek myśli że to Słoń,Henryk,2023-04-15,m4a,1378.410667
Henryk 2023-04-16 Puchatek myśli sobie o tym by odwiedzić przyjaciół to jest Kłapouchego Sowę i Kangurzycę z Maleństwem i Tygryska.m4a,Puchatek myśli sobie o tym by odwiedzić przyjaciół to jest Kłapouchego Sowę i Kangurzycę z Maleństwem i Tygryska,Henryk,2023-04-16,m4a,828.093243
Henryk 2023-04-18 Puchatek idzie sobie przez las do przyjaciół chcąc ich odwiedzić i śpiewa sobie Puchatkowe piosenki.m4a,Puchatek idzie sobie przez las do przyjaciół chcąc ich odwiedzić i śpiewa sobie Puchatkowe piosenki,Henryk,2023-04-18,m4a,883.520000
Henryk 2023-04-19 Prosiaczek sadzi przed swoim domem żołądź a Tygrysek wybiera się z Maleństwem na spacer i na wspinanie na drzewo.m4a,Prosiaczek sadzi przed swoim domem żołądź a Tygrysek wybiera się z Maleństwem na spacer i na wspinanie na drzewo,Henryk,2023-04-19,m4a,1236.509025
Henryk 2023-04-21 Tygrysek i Maleństwo utknęli na drzewie i spotykają Puchatka i Prosiaczka.m4a,Tygrysek i Maleństwo utknęli na drzewie i spotykają Puchatka i Prosiaczka,Henryk,2023-04-21,m4a,1123.427846
Henryk 2023-04-22 Dzień Ziemi i akcja ratunkowa dla Tygrysa i Maleństwa żeby mogli zejść z drzewa.m4a,Dzień Ziemi i akcja ratunkowa dla Tygrysa i Maleństwa żeby mogli zejść z drzewa,Henryk,2023-04-22,m4a,1114.836463
Henryk 2023-04-24 Królik budzi się o wiele ważniejszy tego dnia i pędzi zrobić coś ważnego z Krzysiem.m4a,Królik budzi się o wiele ważniejszy tego dnia i pędzi zrobić coś ważnego z Krzysiem,Henryk,2023-04-24,m4a,933.162667
Henryk 2023-04-25 Tata wraca z konferencji w Warszawie.m4a,Tata wraca z konferencji w Warszawie,Henryk,2023-04-25,m4a,533.674667
Henryk 2023-04-27 Królik udaje się po radę do Sowy by dowiedzieć się gdzie znaleźć Krzysia i co to jest Jentyk.m4a,Królik udaje się po radę do Sowy by dowiedzieć się gdzie znaleźć Krzysia i co to jest Jentyk,Henryk,2023-04-27,m4a,1200.000000
Henryk 2023-04-28 Królik udaje się do Puchatka żeby zapytać o Krzysia a Tatuś dowiaduje się dziś o tym co robił w żłobku Henryczek.m4a,Królik udaje się do Puchatka żeby zapytać o Krzysia a Tatuś dowiaduje się dziś o tym co robił w żłobku Henryczek,Henryk,2023-04-28,m4a,1134.357333
Henryk 2023-04-29 Błotna Piosenka oraz spotkanie Królika z Kłapouchym w sprawie tego że Krzysia nie ma w domu przed południem.m4a,Błotna Piosenka oraz spotkanie Królika z Kłapouchym w sprawie tego że Krzysia nie ma w domu przed południem,Henryk,2023-04-29,m4a,1208.111020
Henryk 2023-05-01 Smocza Piosenka oraz Puchatek idący sobie leśną dróżką do mostku na rzece.m4a,Smocza Piosenka oraz Puchatek idący sobie leśną dróżką do mostku na rzece,Henryk,2023-05-01,m4a,1165.572063
Rodzice Henryk 2023-05-02 Dziadziuś i Babusia opowiadają o swojej podróży.m4a,Dziadziuś i Babusia opowiadają o swojej podróży,Rodzice Henryk,2023-05-02,m4a,429.060998
Henryk 2023-05-03 Tata opowiada o Arabii Saudyjskiej a Puchatek wymyśla grę w Misie Patysie.m4a,Tata opowiada o Arabii Saudyjskiej a Puchatek wymyśla grę w Misie Patysie,Henryk,2023-05-03,m4a,1054.627120
Henryk 2023-05-04 Tata opowiada o kawie i Nikaragui a Puchatek wymyśla sposób na to by uratować Kłapouchego z rzeki.m4a,Tata opowiada o kawie i Nikaragui a Puchatek wymyśla sposób na to by uratować Kłapouchego z rzeki,Henryk,2023-05-04,m4a,1471.193107
Henryk 2023-05-05 Tatuś opowiada o wyprawie na pustynię i o zwierzątkach które zobaczył.m4a,Tatuś opowiada o wyprawie na pustynię i o zwierzątkach które zobaczył,Henryk,2023-05-05,m4a,1310.186667
Henryk 2023-05-06 Tata jeszcze raz opowiada o wyprawie na pustynię i o tym że widział wielbłądy.m4a,Tata jeszcze raz opowiada o wyprawie na pustynię i o tym że widział wielbłądy,Henryk,2023-05-06,m4a,1524.482902
Henryk 2023-05-08 Kubuś Puchatek ratuje Kłapouchego z rzeki i dowiadujemy się że to Tygrysek wbryknął go do wody.m4a,Kubuś Puchatek ratuje Kłapouchego z rzeki i dowiadujemy się że to Tygrysek wbryknął go do wody,Henryk,2023-05-08,m4a,1484.992000
Henryk 2023-05-09 Królik debatuje z Puchatkiem i Prosiaczkiem o tym jak odbryknąć Tygryska.m4a,Królik debatuje z Puchatkiem i Prosiaczkiem o tym jak odbryknąć Tygryska,Henryk,2023-05-09,m4a,1093.162667
Henryk 2023-05-11 Tatuś wraca z Arabii Saudyjskiej a Królik opowiada o tym jak odbryknąć Tygrysa.m4a,Tatuś wraca z Arabii Saudyjskiej a Królik opowiada o tym jak odbryknąć Tygrysa,Henryk,2023-05-11,m4a,1008.661333
Henryk 2023-05-13 Tatuś opowiada o tym jak widział się z Tobą a Puchatek Prosiaczek i Królik wyszli do lasu odbryknąć Tygryska.m4a,Tatuś opowiada o tym jak widział się z Tobą a Puchatek Prosiaczek i Królik wyszli do lasu odbryknąć Tygryska,Henryk,2023-05-13,m4a,1322.864036
Henryk 2023-05-15 Tygrysek wraca z lasu do domu i przychodzi Krzyś zapytać o Puchatka i resztę przyjaciół.m4a,Tygrysek wraca z lasu do domu i przychodzi Krzyś zapytać o Puchatka i resztę przyjaciół,Henryk,2023-05-15,m4a,1011.264000
Henryk 2023-05-17 Puchatek odnajduje drogę do domu a Królik bardzo cieszy się że spotkał Tygryska.m4a,Puchatek odnajduje drogę do domu a Królik bardzo cieszy się że spotkał Tygryska,Henryk,2023-05-17,m4a,883.093333
Henryk 2023-05-18 Piosenka o Zabierzowskich smokach a Puchatek z Prosiaczkiem chcą odwiedzić przyjaciół w czwartek.m4a,Piosenka o Zabierzowskich smokach a Puchatek z Prosiaczkiem chcą odwiedzić przyjaciół w czwartek,Henryk,2023-05-18,m4a,1159.189333
Henryk 2023-05-19 Kubuś Puchatek z Prosiaczkiem w wietrzną pogodę odwiedzają Kłapouchego i Królika.m4a,Kubuś Puchatek z Prosiaczkiem w wietrzną pogodę odwiedzają Kłapouchego i Królika,Henryk,2023-05-19,m4a,880.477460
Henryk 2023-05-21 Prosiaczek z Puchatkiem uciekają przed wiatrem do Sowy i w domku Sowy rozlega się trzask.m4a,Prosiaczek z Puchatkiem uciekają przed wiatrem do Sowy i w domku Sowy rozlega się trzask,Henryk,2023-05-21,m4a,1112.341333
Rodzice Henryk 2023-05-21 Opowieść o wycieczce dziadków nad jezioro.m4a,Opowieść o wycieczce dziadków nad jezioro,Rodzice Henryk,2023-05-21,m4a,904.384000
Henryk 2023-05-22 Tata opowiada o wycieczce Babci i Dziadka a Puchatek z Prosiaczkiem próbują dowiedzieć się co się stało z domem Sowy.m4a,Tata opowiada o wycieczce Babci i Dziadka a Puchatek z Prosiaczkiem próbują dowiedzieć się co się stało z domem Sowy,Henryk,2023-05-22,m4a,1187.793560
Henryk 2023-05-23 Tata zaczyna kurs opiekuna w żłobku a Puchatek wymyśla jak uratować wszystkich z domku Sowy.m4a,Tata zaczyna kurs opiekuna w żłobku a Puchatek wymyśla jak uratować wszystkich z domku Sowy,Henryk,2023-05-23,m4a,1038.613333
Henryk 2023-05-25 Tatuś opowiada o Olkuszu a Prosiaczek uratował Sowę i Puchatka.m4a,Tatuś opowiada o Olkuszu a Prosiaczek uratował Sowę i Puchatka,Henryk,2023-05-25,m4a,1125.378322
Henryk 2023-05-27 Tatuś opowiada o aparacie fotograficznym a Puchatek wymyśla piosenkę o Prosiaczku.m4a,Tatuś opowiada o aparacie fotograficznym a Puchatek wymyśla piosenkę o Prosiaczku,Henryk,2023-05-27,m4a,1154.048000
Henryk 2023-05-28 Tata opowiada o Miesiącach a Królik odwiedza Kłapouchego w sprawie nowego domku dla Sowy.m4a,Tata opowiada o Miesiącach a Królik odwiedza Kłapouchego w sprawie nowego domku dla Sowy,Henryk,2023-05-28,m4a,1219.968000
Henryk 2023-05-29 Tatuś opowiada o prezencie na Dzień Dziecka a Puchatek śpiewa pochwalną pieśń Prosiaczkowi.m4a,Tatuś opowiada o prezencie na Dzień Dziecka a Puchatek śpiewa pochwalną pieśń Prosiaczkowi,Henryk,2023-05-29,m4a,1094.229333
Henryk 2023-05-30 Tatuś opowiada o Dniu Rodziny a przyjaciele Sowy pomagają opróżnić jej stary dom.m4a,Tatuś opowiada o Dniu Rodziny a przyjaciele Sowy pomagają opróżnić jej stary dom,Henryk,2023-05-30,m4a,995.050667
Henryk 2023-06-01 Dzień Dziecka i Kłapouchy znajduje nowy dom dla Sowy.m4a,Dzień Dziecka i Kłapouchy znajduje nowy dom dla Sowy,Henryk,2023-06-01,m4a,1027.622313
Rodzice Henryk 2023-06-02 Życzenia od dziadków na dzien dziecka.m4a,Życzenia od dziadków na dzien dziecka,Rodzice Henryk,2023-06-02,m4a,710.400000
Henryk 2023-06-03 Tatuś opowiada o podróży z Polski do Arabii  a Królik ogłasza Ryzolucję w sprawie Krzysia.m4a,Tatuś opowiada o podróży z Polski do Arabii  a Królik ogłasza Ryzolucję w sprawie Krzysia,Henryk,2023-06-03,m4a,1330.526621
Henryk 2023-06-04 Tatuś opowiada o tym co to jest Tydzień a Kłapouchy recytuje Poemat i Krzyś otrzymuje Ryzolucję.m4a,Tatuś opowiada o tym co to jest Tydzień a Kłapouchy recytuje Poemat i Krzyś otrzymuje Ryzolucję,Henryk,2023-06-04,m4a,1251.328000
Henryk 2023-06-06 Tatuś opowiada o Restauracji i Grze Planszowej a Puchatek i Krzyś udają się do Zaczarowanego Miejsca.m4a,Tatuś opowiada o Restauracji i Grze Planszowej a Puchatek i Krzyś udają się do Zaczarowanego Miejsca,Henryk,2023-06-06,m4a,1089.664000
Henryk 2023-06-08 Tata opowiada o Skarbie dla Henryczka a Krzyś żegna się z Puchatkiem w Zaczarowanym Miejscu.m4a,Tata opowiada o Skarbie dla Henryczka a Krzyś żegna się z Puchatkiem w Zaczarowanym Miejscu,Henryk,2023-06-08,m4a,1029.632000
Henryk 2023-06-10 Tatuś przyjechał Cię zobaczyć a Smok Antoni i Wincenty Smok poznają Smoka Zygmunta.m4a,Tatuś przyjechał Cię zobaczyć a Smok Antoni i Wincenty Smok poznają Smoka Zygmunta,Henryk,2023-06-10,m4a,1430.485333
Henryk 2023-06-12 Tata jest w drodze do Warszawy a Żaba wybiera sie ze smokami na Zwiady.m4a,Tata jest w drodze do Warszawy a Żaba wybiera sie ze smokami na Zwiady,Henryk,2023-06-12,m4a,857.002086
Henryk 2023-06-14 Tata opowiada o muzyce a Smoki spotykają na zwiadach kurę.m4a,Tata opowiada o muzyce a Smoki spotykają na zwiadach kurę,Henryk,2023-06-14,m4a,1231.307755
Henryk 2023-06-15 Tata opowiada o owocach a smoki udały się nad urwisko by nauczyć się latać.m4a,Tata opowiada o owocach a smoki udały się nad urwisko by nauczyć się latać,Henryk,2023-06-15,m4a,1018.845170
Henryk 2023-06-15 Tata opowiada o owocach a smoki udały się nad urwisko by nauczyć się latać 1.m4a,Tata opowiada o owocach a smoki udały się nad urwisko by nauczyć się latać 1,Henryk,2023-06-15,m4a,1018.845170
Henryk 2023-06-16 Tatuś opowiada o tym jak warto popełniać błędy a Smoki budują mur.m4a,Tatuś opowiada o tym jak warto popełniać błędy a Smoki budują mur,Henryk,2023-06-16,m4a,1305.152000
Henryk 2023-06-17 Tatuś opowiada o malowaniu bawialni a Żaba śni że jest warzywem.m4a,Tatuś opowiada o malowaniu bawialni a Żaba śni że jest warzywem,Henryk,2023-06-17,m4a,889.408000
Henryk 2023-06-19 Tata opowiada o piasku i polskim morzu a Żaba prosi smoki by ją obudziły.m4a,Tata opowiada o piasku i polskim morzu a Żaba prosi smoki by ją obudziły,Henryk,2023-06-19,m4a,889.408000
Henryk 2023-06-20 Tata opowiada o kierunkach geograficznych a Żaba budzi się w końcu.m4a,Tata opowiada o kierunkach geograficznych a Żaba budzi się w końcu,Henryk,2023-06-20,m4a,1235.139048
Henryk 2023-06-22 Tata opowiada o mapie a Smoki urządzają pranie.m4a,Tata opowiada o mapie a Smoki urządzają pranie,Henryk,2023-06-22,m4a,769.621333
Henryk 2023-06-25 Tatuś opowiada o Babusi i Dziadziusiu a Makrauchenia rozpoczęła opowieść o Dinozaurach.m4a,Tatuś opowiada o Babusi i Dziadziusiu a Makrauchenia rozpoczęła opowieść o Dinozaurach,Henryk,2023-06-25,m4a,1250.560000
Henryk 2023-06-27 Tatuś opowiada o cioci Monice a Makrauchenia opowiada o Dinozaurach i o tym że ich już nie ma.m4a,Tatuś opowiada o cioci Monice a Makrauchenia opowiada o Dinozaurach i o tym że ich już nie ma,Henryk,2023-06-27,m4a,981.623583
Henryk 2023-06-29 Tata opowiada o prezencie od Henryczka a Rysio Kapustnik zapowiada smokom Niespodziankę.m4a,Tata opowiada o prezencie od Henryczka a Rysio Kapustnik zapowiada smokom Niespodziankę,Henryk,2023-06-29,m4a,961.152000
Henryk 2023-06-30 Tatuś opowiada o rozmowie z ciocią Sylwią a Smoki poznają nowego Tortowego Smoka Urodzinowego.m4a,Tatuś opowiada o rozmowie z ciocią Sylwią a Smoki poznają nowego Tortowego Smoka Urodzinowego,Henryk,2023-06-30,m4a,1188.928000
Henryk 2023-07-01 Tatuś spotkał się z wujkiem Michałem przy ognisku a Żaba chce wyglądać pięknie.m4a,Tatuś spotkał się z wujkiem Michałem przy ognisku a Żaba chce wyglądać pięknie,Henryk,2023-07-01,m4a,831.274376
Rodzice Henryk 2023-07-02 Dziadziuś i Babusia opowiadają o kempingu.m4a,Dziadziuś i Babusia opowiadają o kempingu,Rodzice Henryk,2023-07-02,m4a,691.840000
Henryk 2023-07-04 Tatuś robi kwietniki do bawialni a Żaba słucha jak Krokodyl pięknie śpiewa.m4a,Tatuś robi kwietniki do bawialni a Żaba słucha jak Krokodyl pięknie śpiewa,Henryk,2023-07-04,m4a,1277.492245
Henryk 2023-07-05 Tatuś opowiada o bawialni Margolcia którą urządza na wielkie otwarcie.m4a,Tatuś opowiada o bawialni Margolcia którą urządza na wielkie otwarcie,Henryk,2023-07-05,m4a,579.008000
Henryk 2023-07-06 Tatuś opowiada o otwarciu bawialni w Sobotę a smoki dostają nauszniki z owczej wełny.m4a,Tatuś opowiada o otwarciu bawialni w Sobotę a smoki dostają nauszniki z owczej wełny,Henryk,2023-07-06,m4a,1282.453333
Henryk 2023-07-07 Tatuś opowiada o robieniu zamków z piasku a Smoki wyruszają do Krakowa na wycieczkę.m4a,Tatuś opowiada o robieniu zamków z piasku a Smoki wyruszają do Krakowa na wycieczkę,Henryk,2023-07-07,m4a,1041.834667
Henryk 2023-07-08 Tatuś opowiada o odwiedzinach Henryczka i jakie są miejsca wokół Warszawy a Żaba tęskni za smokami.m4a,Tatuś opowiada o odwiedzinach Henryczka i jakie są miejsca wokół Warszawy a Żaba tęskni za smokami,Henryk,2023-07-08,m4a,1114.093424
Henryk 2023-07-10 Tatuś opowiada o gwiazdach i planetarium a smoki opowiadają o wycieczce do Krakowa.m4a,Tatuś opowiada o gwiazdach i planetarium a smoki opowiadają o wycieczce do Krakowa,Henryk,2023-07-10,m4a,1334.961633
Henryk 2023-07-12 Tatuś opowiada o tym jak był baristą a smoki rozmawiają o zimowaniu.m4a,Tatuś opowiada o tym jak był baristą a smoki rozmawiają o zimowaniu,Henryk,2023-07-12,m4a,1113.514667
Henryk 2023-07-14 Tatuś opowiada o jutrzejszych zawodach łuczniczych a Smoki przygotowują jaskinię do zimowania.m4a,Tatuś opowiada o jutrzejszych zawodach łuczniczych a Smoki przygotowują jaskinię do zimowania,Henryk,2023-07-14,m4a,1245.889887
Henryk 2023-07-15 Tatuś opowiada o strzelaniu z łuku i kajakach a Miś Uszatek odnajduje dzieci.m4a,Tatuś opowiada o strzelaniu z łuku i kajakach a Miś Uszatek odnajduje dzieci,Henryk,2023-07-15,m4a,1147.205079
Rodzice Henryk 2023-07-16 Dziadkowie opowiadają Henryczkowi o swojej wycieczce.m4a,Dziadkowie opowiadają Henryczkowi o swojej wycieczce,Rodzice Henryk,2023-07-16,m4a,540.416000
Henryk 2023-07-17 Tatuś opowiada o podróży do Wiednia a Miś Uszatek poznaje nowych przyjaciół.m4a,Tatuś opowiada o podróży do Wiednia a Miś Uszatek poznaje nowych przyjaciół,Henryk,2023-07-17,m4a,1300.245333
Henryk 2023-07-19 Tatuś opowiada o przyjaciołach w Wiedniu a Miś Uszatek szuka Mroza.m4a,Tatuś opowiada o przyjaciołach w Wiedniu a Miś Uszatek szuka Mroza,Henryk,2023-07-19,m4a,1146.389333
Henryk 2023-07-20 Tatuś opowiada o bałkanach a Miś Uszatek żegna Bałwanka.m4a,Tatuś opowiada o bałkanach a Miś Uszatek żegna Bałwanka,Henryk,2023-07-20,m4a,1260.704218
Henryk 2023-07-22 Tatuś jest z przyjaciółmi na kempingu a Miś Uszatek dostaje wiadomość od Bociana.m4a,Tatuś jest z przyjaciółmi na kempingu a Miś Uszatek dostaje wiadomość od Bociana,Henryk,2023-07-22,m4a,954.666667
Henryk 2023-07-24 Tatuś opowiada o parku Dinozaurów a Miś Uszatek próbuje urosnąć na deszczu.m4a,Tatuś opowiada o parku Dinozaurów a Miś Uszatek próbuje urosnąć na deszczu,Henryk,2023-07-24,m4a,1313.576054
Henryk 2023-07-25 Tatuś opowiada jak jechałby z Henryczkiem na rowerze a Miś Uszatek cieszy się z haftowanej koszulki.m4a,Tatuś opowiada jak jechałby z Henryczkiem na rowerze a Miś Uszatek cieszy się z haftowanej koszulki,Henryk,2023-07-25,m4a,1197.376000
Henryk 2023-07-27 Tatuś opowiada o naprawie ekspresu do kawy a Miś Uszatek poznaje Prosiaczka.m4a,Tatuś opowiada o naprawie ekspresu do kawy a Miś Uszatek poznaje Prosiaczka,Henryk,2023-07-27,m4a,1091.407528
Henryk 2023-07-29 Tatuś opowiada o żłobku a Miś Uszatek gości Prosiaczka.m4a,Tatuś opowiada o żłobku a Miś Uszatek gości Prosiaczka,Henryk,2023-07-29,m4a,750.506667
Henryk 2023-07-30 Tatuś opowiada o urodzinach Anastazji a Miś wyruszył w podróż pociągiem.m4a,Tatuś opowiada o urodzinach Anastazji a Miś wyruszył w podróż pociągiem,Henryk,2023-07-30,m4a,1282.624000
Henryk 2023-07-31 Tatuś opowiada o Prezentacji i Wyklejankach a Miś Uszatek udaje się do cyrku.m4a,Tatuś opowiada o Prezentacji i Wyklejankach a Miś Uszatek udaje się do cyrku,Henryk,2023-07-31,m4a,1144.320000
Henryk 2023-08-02 Tatuś opowiada o spotkaniu z wujkiem Mungo a Miś Uszatek wraca do Przyjaciół 1.m4a,Tatuś opowiada o spotkaniu z wujkiem Mungo a Miś Uszatek wraca do Przyjaciół 1,Henryk,2023-08-02,m4a,1427.864671
Henryk 2023-08-02 Tatuś opowiada o spotkaniu z wujkiem Mungo a Miś Uszatek wraca do Przyjaciół.m4a,Tatuś opowiada o spotkaniu z wujkiem Mungo a Miś Uszatek wraca do Przyjaciół,Henryk,2023-08-02,m4a,1427.864671
Henryk 2023-08-03 Tatuś opowiada o wielkim sprzątaniu a Miś Uszatek odkrywa echo.m4a,Tatuś opowiada o wielkim sprzątaniu a Miś Uszatek odkrywa echo,Henryk,2023-08-03,m4a,1280.810667
Henryk 2023-08-04 Tatuś opowiada o nauce każdego dnia a Miś Uszatek śni o wyprawie na księżyc.m4a,Tatuś opowiada o nauce każdego dnia a Miś Uszatek śni o wyprawie na księżyc,Henryk,2023-08-04,m4a,1180.874014
Henryk 2023-08-06 Tata opowiada o pogodzie w górach a Miś Uszatek wyrusza na wędrówkę.m4a,Tata opowiada o pogodzie w górach a Miś Uszatek wyrusza na wędrówkę,Henryk,2023-08-06,m4a,1285.162667
Rodzice Henryk 2023-08-06 Dziadkowie opowiadają o zalewie Sulejowskim.m4a,Dziadkowie opowiadają o zalewie Sulejowskim,Rodzice Henryk,2023-08-06,m4a,536.128000
Henryk 2023-08-08 Tatuś opowiada o swoim pierwszym tygodniu nowej pracy a Miś Uszatek zirytował Bociana.m4a,Tatuś opowiada o swoim pierwszym tygodniu nowej pracy a Miś Uszatek zirytował Bociana,Henryk,2023-08-08,m4a,1316.416000
Henryk 2023-08-10 Tatuś opowiada o chorym Henryczku i kolorowych zupkach a Miś Uszatek śpi w hamaku w lesie.m4a,Tatuś opowiada o chorym Henryczku i kolorowych zupkach a Miś Uszatek śpi w hamaku w lesie,Henryk,2023-08-10,m4a,1209.472000
Henryk 2023-08-12 Tatuś opowiada o tym jak zajmowałby się chorym Henryczkiem a Miś Uszatek zbiera się w podróż powrotną.m4a,Tatuś opowiada o tym jak zajmowałby się chorym Henryczkiem a Miś Uszatek zbiera się w podróż powrotną,Henryk,2023-08-12,m4a,1106.410667
Henryk 2023-08-13 Tatuś spędza czas z przyjaciółmi w Sierakowie a Miś Uszatek opowiada o swoich przygodach przyjaciołom.m4a,Tatuś spędza czas z przyjaciółmi w Sierakowie a Miś Uszatek opowiada o swoich przygodach przyjaciołom,Henryk,2023-08-13,m4a,1271.146667
Henryk 2023-08-14 Tatuś opowiada o zbieraniu kasztanów i żołędzi a Miś Uszatek znowu spotyka Świerszcza.m4a,Tatuś opowiada o zbieraniu kasztanów i żołędzi a Miś Uszatek znowu spotyka Świerszcza,Henryk,2023-08-14,m4a,1258.282667
Henryk 2023-08-15 Tata opowiada o Szwecji i krówkach a Miś Uszatek udaje się na zabawę karnawałową.m4a,Tata opowiada o Szwecji i krówkach a Miś Uszatek udaje się na zabawę karnawałową,Henryk,2023-08-15,m4a,1201.194667
Henryk 2023-08-17 Tatuś opowiada o robotach i o krówkach i mleczku a Miś Uszatek bawi się w sklep.m4a,Tatuś opowiada o robotach i o krówkach i mleczku a Miś Uszatek bawi się w sklep,Henryk,2023-08-17,m4a,1235.669333
Henryk 2023-08-18 Tatuś opowiada o wyjeździe w góry z przyjaciółmi a Miś Uszatek pokazuje przyjaciołom gwiazdki śniegowe.m4a,Tatuś opowiada o wyjeździe w góry z przyjaciółmi a Miś Uszatek pokazuje przyjaciołom gwiazdki śniegowe,Henryk,2023-08-18,m4a,622.677333
Henryk 2023-08-20 Tatuś opowiada o górach a Miś Uszatek bawi się z przyjaciółmi w pociąg.m4a,Tatuś opowiada o górach a Miś Uszatek bawi się z przyjaciółmi w pociąg,Henryk,2023-08-20,m4a,1237.354667
Henryk 2023-08-22 Tatuś opowiada o słoneczku i cieniu a Miś Uszatek śpiewa kołysankę.m4a,Tatuś opowiada o słoneczku i cieniu a Miś Uszatek śpiewa kołysankę,Henryk,2023-08-22,m4a,1226.624000
Rodzice Henryk 2023-08-23 Wiadomość od babci.m4a,Wiadomość od babci,Rodzice Henryk,2023-08-23,m4a,817.856000
Henryk 2023-08-24 Tatuś opowiada o rodzinie i przyjaciołach a Miś Uszatek robi wiosenne porządki.m4a,Tatuś opowiada o rodzinie i przyjaciołach a Miś Uszatek robi wiosenne porządki,Henryk,2023-08-24,m4a,1169.557333
Henryk 2023-08-25 Tatuś opowiada o Henryczkowych zabawach w żłobku a Miś jedzie czerwonym samochodzikiem.m4a,Tatuś opowiada o Henryczkowych zabawach w żłobku a Miś jedzie czerwonym samochodzikiem,Henryk,2023-08-25,m4a,1031.808000
Henryk 2023-08-27 Tatuś opowiada o ognisku i kiełbaskach a Miś sadzi warzywka.m4a,Tatuś opowiada o ognisku i kiełbaskach a Miś sadzi warzywka,Henryk,2023-08-27,m4a,1197.909333
Henryk 2023-08-29 Tatuś opowiada o jesiennych liściach a Miś Uszatek jedzie skuterem.m4a,Tatuś opowiada o jesiennych liściach a Miś Uszatek jedzie skuterem,Henryk,2023-08-29,m4a,1144.533333
Henryk 2023-08-31 Tatuś opowiada o naprawie zabawek a Miś Uszatek widzi śnieg w Maju.m4a,Tatuś opowiada o naprawie zabawek a Miś Uszatek widzi śnieg w Maju,Henryk,2023-08-31,m4a,1294.997333
Henryk 2023-09-01 Tatuś opowiada o nauce a Miś Uszatek wchodzi na drzewo.m4a,Tatuś opowiada o nauce a Miś Uszatek wchodzi na drzewo,Henryk,2023-09-01,m4a,1477.653333
Henryk 2023-09-02 Tatuś opowiada o wycieczce w Gorce a Miś Uszatek mówi do jabłonki.m4a,Tatuś opowiada o wycieczce w Gorce a Miś Uszatek mówi do jabłonki,Henryk,2023-09-02,m4a,1299.584000
Henryk 2023-09-04 Tatuś opowiada o temperaturze na polu a Miś Uszatek lata na huśtawce.m4a,Tatuś opowiada o temperaturze na polu a Miś Uszatek lata na huśtawce,Henryk,2023-09-04,m4a,1031.871565
Henryk 2023-09-06 Tatuś opowiada o deszczu a Miś Uszatek jeżdzi konno.m4a,Tatuś opowiada o deszczu a Miś Uszatek jeżdzi konno,Henryk,2023-09-06,m4a,1305.344000
Henryk 2023-09-08 Tatuś opowiada o serze a Miś Uszatek wybiera się na wycieczkę z przyjaciółmi.m4a,Tatuś opowiada o serze a Miś Uszatek wybiera się na wycieczkę z przyjaciółmi,Henryk,2023-09-08,m4a,1377.237333
Henryk 2023-09-09 Tatuś opowiada o muzyce i odwiedzinach a Miś Uszatek spotyka kreta.m4a,Tatuś opowiada o muzyce i odwiedzinach a Miś Uszatek spotyka kreta,Henryk,2023-09-09,m4a,1256.704000
Henryk 2023-09-11 Tatuś opowiada o smokach a Miś Uszatek zostaje doktorem.m4a,Tatuś opowiada o smokach a Miś Uszatek zostaje doktorem,Henryk,2023-09-11,m4a,1072.768000
Henryk 2023-09-13 Tatuś opowiada o wspólnym gotowaniu a Miś Uszatek szuka grzybów.m4a,Tatuś opowiada o wspólnym gotowaniu a Miś Uszatek szuka grzybów,Henryk,2023-09-13,m4a,1181.525333
Henryk 2023-09-15 Tatuś opowiada o produkcji mleka a Miś Uszatek ratuje małego Kajtka.m4a,Tatuś opowiada o produkcji mleka a Miś Uszatek ratuje małego Kajtka,Henryk,2023-09-15,m4a,1067.467755
Henryk 2023-09-16 Tatuś opowiada o wyjku Michale a Miś Uszatek cieszy się że burza się skończyła.m4a,Tatuś opowiada o wyjku Michale a Miś Uszatek cieszy się że burza się skończyła,Henryk,2023-09-16,m4a,1345.770667
Rodzice Henryk 2023-09-17 Nagranie od Babusi i Dziadziusia.m4a,Nagranie od Babusi i Dziadziusia,Rodzice Henryk,2023-09-17,m4a,581.248000
Henryk 2023-09-18 Tatuś opowiada o zbieraniu kasztanów a Miś Uszatek idzie do przedszkola.m4a,Tatuś opowiada o zbieraniu kasztanów a Miś Uszatek idzie do przedszkola,Henryk,2023-09-18,m4a,1339.754667
Henryk 2023-09-20 Tatuś opowiada o przedszkolu dla Hani a Miś spotyka słonia Bimbo.m4a,Tatuś opowiada o przedszkolu dla Hani a Miś spotyka słonia Bimbo,Henryk,2023-09-20,m4a,1090.453333
Henryk 2023-09-22 Tatuś opowiada o kamperze Dziadziusia i Babusi a Miś Uszatek dba o czystość.m4a,Tatuś opowiada o kamperze Dziadziusia i Babusi a Miś Uszatek dba o czystość,Henryk,2023-09-22,m4a,799.764898
Henryk 2023-09-23 Tatuś opowiada o spotkaniu z Babusią i Dziadziusiem a Miś Uszatek rysuje domek.m4a,Tatuś opowiada o spotkaniu z Babusią i Dziadziusiem a Miś Uszatek rysuje domek,Henryk,2023-09-23,m4a,1102.528000
Henryk 2023-09-24 Tatuś opowiada i drukowanych dinozaurach a Miś Uszatek dowiaduje się o Afryce.m4a,Tatuś opowiada i drukowanych dinozaurach a Miś Uszatek dowiaduje się o Afryce,Henryk,2023-09-24,m4a,1214.229333
Henryk 2023-09-26 Tatuś opowiada i mgle w jesieni a Miś Uszatek liczy wróbelki.m4a,Tatuś opowiada i mgle w jesieni a Miś Uszatek liczy wróbelki,Henryk,2023-09-26,m4a,1220.160000
Henryk 2023-09-28 Tatuś opowiada o dekoracjach jesiennych a Miś Uszatek bawi się w śniegu.m4a,Tatuś opowiada o dekoracjach jesiennych a Miś Uszatek bawi się w śniegu,Henryk,2023-09-28,m4a,1218.090667
Henryk 2023-09-29 Tatuś opowiada o drukarce 3d w przedszkolu a Miś opowiada o 100 przygodach.m4a,Tatuś opowiada o drukarce 3d w przedszkolu a Miś opowiada o 100 przygodach,Henryk,2023-09-29,m4a,824.981769
Henryk 2023-10-01 Tatuś opowiada o zamku w górach a Miś Uszatek nurkuje w akwarium.m4a,Tatuś opowiada o zamku w górach a Miś Uszatek nurkuje w akwarium,Henryk,2023-10-01,m4a,1195.306667
Henryk 2023-10-02 Tatuś opowiada o wujku Michale a Miś Uszatek zbiera bazie.m4a,Tatuś opowiada o wujku Michale a Miś Uszatek zbiera bazie,Henryk,2023-10-02,m4a,646.613333
Henryk 2023-10-04 Tatuś opowiada co to znaczy chorować a Miś Uszatek dowiaduje się o pszczołach.m4a,Tatuś opowiada co to znaczy chorować a Miś Uszatek dowiaduje się o pszczołach,Henryk,2023-10-04,m4a,1078.080000
Henryk 2023-10-06 Tatuś opowiada o zjeździe rodzinnym a Miś jedzie Autokarem.m4a,Tatuś opowiada o zjeździe rodzinnym a Miś jedzie Autokarem,Henryk,2023-10-06,m4a,1254.186667
Henryk 2023-10-08 Tatuś opowiada o spotkaniu rodzinnym a Miś Uszatek spotyka krasnoludki.m4a,Tatuś opowiada o spotkaniu rodzinnym a Miś Uszatek spotyka krasnoludki,Henryk,2023-10-08,m4a,1480.064000
Henryk 2023-10-10 Tatuś opowiada o różbych rodzajach liści a Miś Uszatek żegluje na łódce.m4a,Tatuś opowiada o różbych rodzajach liści a Miś Uszatek żegluje na łódce,Henryk,2023-10-10,m4a,1276.778667
Henryk 2023-10-11 Tatuś opowiada o gościu ze Szwecji a Miś Uszatek spotyka koziołka z Francji.m4a,Tatuś opowiada o gościu ze Szwecji a Miś Uszatek spotyka koziołka z Francji,Henryk,2023-10-11,m4a,634.624000
Henryk 2023-10-12 Tatuś opowiada o urodzinach Henryczka a Miś Uszatek gasi pożar.m4a,Tatuś opowiada o urodzinach Henryczka a Miś Uszatek gasi pożar,Henryk,2023-10-12,m4a,1236.288000
Henryk 2023-10-12 Życzenia urodzinowe.m4a,Życzenia urodzinowe,Henryk,2023-10-12,m4a,53.589333
Henryk 2023-10-14 Tatuś widział Henryczka a Miś Uszatek spotkał kozę.m4a,Tatuś widział Henryczka a Miś Uszatek spotkał kozę,Henryk,2023-10-14,m4a,926.997333
Henryk 2023-10-16 Tatuś opowiada o dojeniu krówek a Miś Uszatek tworzy cyrk.m4a,Tatuś opowiada o dojeniu krówek a Miś Uszatek tworzy cyrk,Henryk,2023-10-16,m4a,969.386667
Henryk 2023-10-18 Tatuś wraca ze spotkania z mamusią dziadziusiem i babusią a Miś jedzie dalej.m4a,Tatuś wraca ze spotkania z mamusią dziadziusiem i babusią a Miś jedzie dalej,Henryk,2023-10-18,m4a,983.253333
Henryk 2023-10-19 Tatuś opowiada o tym jak Henryczek zbiera piłki a Uszatek urządza przedstawienie.m4a,Tatuś opowiada o tym jak Henryczek zbiera piłki a Uszatek urządza przedstawienie,Henryk,2023-10-19,m4a,1108.373333
Henryk 2023-10-21 Tatuś opowiada o grzybobraniu a Miś Uszatek pojawia się w gazecie.m4a,Tatuś opowiada o grzybobraniu a Miś Uszatek pojawia się w gazecie,Henryk,2023-10-21,m4a,997.970431
Henryk 2023-10-23 Tatuś opowiada o wyjeździe do Szwecji a Uszatek spotyka żubra.m4a,Tatuś opowiada o wyjeździe do Szwecji a Uszatek spotyka żubra,Henryk,2023-10-23,m4a,1109.546667
Henryk 2023-10-24 Tatuś opowiada o locie samolotem a Miś Uszatek wyrusza na wędrówkę i żegna się.m4a,Tatuś opowiada o locie samolotem a Miś Uszatek wyrusza na wędrówkę i żegna się,Henryk,2023-10-24,m4a,1178.410667
Henryk 2023-10-26 Tatuś opowiada o konferencji a Miś Uszatek poznaje dzieci.m4a,Tatuś opowiada o konferencji a Miś Uszatek poznaje dzieci,Henryk,2023-10-26,m4a,1015.445333
Henryk 2023-10-28 Tatuś opowiada o wystąpieniu na konferencji a Uszatek szuka Mroza.m4a,Tatuś opowiada o wystąpieniu na konferencji a Uszatek szuka Mroza,Henryk,2023-10-28,m4a,1298.560000
Rodzice Henryk 2023-10-29 Nagranie od dziadków.m4a,Nagranie od dziadków,Rodzice Henryk,2023-10-29,m4a,490.064000
Henryk 2023-10-30 Tatuś opowiada o Hallowynn a Miś Uszatek bawi się z Bałwankiem.m4a,Tatuś opowiada o Hallowynn a Miś Uszatek bawi się z Bałwankiem,Henryk,2023-10-30,m4a,1081.446168
Henryk 2023-10-31 Tatuś opowiada o tym co się robi w Hallowynn i czyta straszną bajkę.m4a,Tatuś opowiada o tym co się robi w Hallowynn i czyta straszną bajkę,Henryk,2023-10-31,m4a,1358.135147
Henryk 2023-11-02 Tatuś opowiada o zdjęciach a Miś Uszatek dostaje list od bociana.m4a,Tatuś opowiada o zdjęciach a Miś Uszatek dostaje list od bociana,Henryk,2023-11-02,m4a,1266.133333
Henryk 2023-11-04 Tatuś opowiada o bagażu a Miś Uszatek robi Śmigus-Dyngus.m4a,Tatuś opowiada o bagażu a Miś Uszatek robi Śmigus-Dyngus,Henryk,2023-11-04,m4a,947.733333
Henryk 2023-11-06 Tatuś opowiada o karnieniu Henryczka a Miś Uszatek chce urosnąć.m4a,Tatuś opowiada o karnieniu Henryczka a Miś Uszatek chce urosnąć,Henryk,2023-11-06,m4a,884.437333
Henryk 2023-11-07 Tatuś opowiada o Hiszpanii a Miś Uszatek brudzi sobie koszulkę.m4a,Tatuś opowiada o Hiszpanii a Miś Uszatek brudzi sobie koszulkę,Henryk,2023-11-07,m4a,1117.440000
Henryk 2023-11-09 Tatuś mówi o statystyce a Miś Uszatek zaprasza prosiaczka na śniadanie.m4a,Tatuś mówi o statystyce a Miś Uszatek zaprasza prosiaczka na śniadanie,Henryk,2023-11-09,m4a,1403.946667
Henryk 2023-11-11 Tatuś opowiada o Dniu Niepodległości a Miś Uszatek jedzie pociągiem.m4a,Tatuś opowiada o Dniu Niepodległości a Miś Uszatek jedzie pociągiem,Henryk,2023-11-11,m4a,1389.333333
Henryk 2023-11-13 Tatuś opowiada o schronisku dla zwierząt a Miś Uszatek sprzedaje lody.m4a,Tatuś opowiada o schronisku dla zwierząt a Miś Uszatek sprzedaje lody,Henryk,2023-11-13,m4a,1120.832000
Henryk 2023-11-15 Tatuś opowiada znowu o dojeniu krówek a Miś Uszatek idzie do cyrku.m4a,Tatuś opowiada znowu o dojeniu krówek a Miś Uszatek idzie do cyrku,Henryk,2023-11-15,m4a,1041.429333
Henryk 2023-11-17 Tatuś opowoada o wytrwałości a Miś Uszatek wraca do domu.m4a,Tatuś opowoada o wytrwałości a Miś Uszatek wraca do domu,Henryk,2023-11-17,m4a,1078.848000
Henryk 2023-11-19 Tatuś opowiada o robieniu rzeczy ze śmieci a Miś Uszatek bawi się w chowanego.m4a,Tatuś opowiada o robieniu rzeczy ze śmieci a Miś Uszatek bawi się w chowanego,Henryk,2023-11-19,m4a,1189.824000
Henryk 2023-11-21 Tatuś opowiada o biznesie a Moś Uszatek ściga się z Zajączkiem.m4a,Tatuś opowiada o biznesie a Moś Uszatek ściga się z Zajączkiem,Henryk,2023-11-21,m4a,1112.170667
Henryk 2023-11-23 Tatuś opowiada o tym że się uczy a Miś Uszatek urządza piknik.m4a,Tatuś opowiada o tym że się uczy a Miś Uszatek urządza piknik,Henryk,2023-11-23,m4a,743.253333
Henryk 2023-11-25 Tatuś opowiada o Henryczku-kolekcjonerze a Miś Uszatek przygotowuje się do pikniku.m4a,Tatuś opowiada o Henryczku-kolekcjonerze a Miś Uszatek przygotowuje się do pikniku,Henryk,2023-11-25,m4a,1037.653333
Rodzice Henryk 2023-11-26 Nagranie od dziadków.m4a,Nagranie od dziadków,Rodzice Henryk,2023-11-26,m4a,350.784000
Henryk 2023-11-27 Tatuś opowiada o sesji zdjęciowej a Miś Uszatek i Prosiaczek czekają na Zajączka.m4a,Tatuś opowiada o sesji zdjęciowej a Miś Uszatek i Prosiaczek czekają na Zajączka,Henryk,2023-11-27,m4a,1288.597333
Henryk 2023-11-28 Tatuś je obiad z Babcią i Dziadkiem a Miś Uszatek znajduje Zajączka na boisku.m4a,Tatuś je obiad z Babcią i Dziadkiem a Miś Uszatek znajduje Zajączka na boisku,Henryk,2023-11-28,m4a,1438.293333
Henryk 2023-11-30 Tatuś opowiada o rysowaniu a Miś Uszatek kłóci się z przyjaciółmi.m4a,Tatuś opowiada o rysowaniu a Miś Uszatek kłóci się z przyjaciółmi,Henryk,2023-11-30,m4a,1498.058594
Henryk 2023-12-02 Tatuś opowiada o odśnieżaniu a Miś Uszatek i przyjaciele żałują kłótni.m4a,Tatuś opowiada o odśnieżaniu a Miś Uszatek i przyjaciele żałują kłótni,Henryk,2023-12-02,m4a,1263.168000
Henryk 2023-12-04 Tatuś opowiada o zdjęciach Henryczka a Miś Uszatek godzi się z przyjaciółmi.m4a,Tatuś opowiada o zdjęciach Henryczka a Miś Uszatek godzi się z przyjaciółmi,Henryk,2023-12-04,m4a,974.826667
Henryk 2023-12-06 Tatuś opowiada o św. Mikołaju a Miś Uszatek znajduje Echo.m4a,Tatuś opowiada o św. Mikołaju a Miś Uszatek znajduje Echo,Henryk,2023-12-06,m4a,949.034667
Henryk 2023-12-08 Tatuś opowiada o tym co robiłby jutro  a Miś Uszatek udaje się na księżyc.m4a,Tatuś opowiada o tym co robiłby jutro  a Miś Uszatek udaje się na księżyc,Henryk,2023-12-08,m4a,1429.589333
Henryk 2023-12-09 Tatuś opowiada o kompasie a Miś Uszatek wysyła list do dzieci.m4a,Tatuś opowiada o kompasie a Miś Uszatek wysyła list do dzieci,Henryk,2023-12-09,m4a,878.613333
Henryk 2023-12-11 Tatuś opowiada o choince a Miś Uszatek idzie na wędrówkę.m4a,Tatuś opowiada o choince a Miś Uszatek idzie na wędrówkę,Henryk,2023-12-11,m4a,1145.066667
Henryk 2023-12-12 Tatuś opowiada o bagażu i prezentach z podróży a Miś Uszatek spotyka koziołka.m4a,Tatuś opowiada o bagażu i prezentach z podróży a Miś Uszatek spotyka koziołka,Henryk,2023-12-12,m4a,908.202667
Henryk 2023-12-14 Tatuś opowiada o muzyce a Miś Uszatek spotyka Boćka.m4a,Tatuś opowiada o muzyce a Miś Uszatek spotyka Boćka,Henryk,2023-12-14,m4a,1176.960000
Henryk 2023-12-16 Tatuś opowiada o wizycie u Babusi i Dziadziusia a Miś śpi w hamaku.m4a,Tatuś opowiada o wizycie u Babusi i Dziadziusia a Miś śpi w hamaku,Henryk,2023-12-16,m4a,1035.413333
Henryk 2023-12-18 Tatuś opowiada o przyjaciołach i muzyce a Miś Uszatek spotyka dzięcioła.m4a,Tatuś opowiada o przyjaciołach i muzyce a Miś Uszatek spotyka dzięcioła,Henryk,2023-12-18,m4a,1095.633560
Henryk 2023-12-20 Tatuś opowiada o Zakopanem a Miś Uszatek szuka podarunków dla dzieci.m4a,Tatuś opowiada o Zakopanem a Miś Uszatek szuka podarunków dla dzieci,Henryk,2023-12-20,m4a,982.933333
Henryk 2023-12-22 Tatuś opowiada o przyjaciołach a Miś Uszatek wraca z wędrówki.m4a,Tatuś opowiada o przyjaciołach a Miś Uszatek wraca z wędrówki,Henryk,2023-12-22,m4a,1274.858667
Henryk 2023-12-23 Tatuś opowiada o Fondue z przyjaciółmi a Miś Uszatek zdobywa dużą choinkę.m4a,Tatuś opowiada o Fondue z przyjaciółmi a Miś Uszatek zdobywa dużą choinkę,Henryk,2023-12-23,m4a,1199.232000
Henryk 2023-12-24 Życzenia Boże Narodzenie 2023.m4a,Życzenia Boże Narodzenie 2023,Henryk,2023-12-24,m4a,352.307664
Henryk 2023-12-24 Tatuś opowiada o Wigilii a Miś Uszatek słucha muzyki Świerszczyka.m4a,Tatuś opowiada o Wigilii a Miś Uszatek słucha muzyki Świerszczyka,Henryk,2023-12-24,m4a,1287.035646
Henryk 2023-12-26 Tatuś opowiada o spotkaniu rodzinnym a Miś Uszatek poznaje nowych przyjaciół.m4a,Tatuś opowiada o spotkaniu rodzinnym a Miś Uszatek poznaje nowych przyjaciół,Henryk,2023-12-26,m4a,1378.944000
Henryk 2023-12-28 Tatuś opowiada o różnych samochodach a Miś Uszatek spotyka pluszowego króliczka.m4a,Tatuś opowiada o różnych samochodach a Miś Uszatek spotyka pluszowego króliczka,Henryk,2023-12-28,m4a,1249.728000
Henryk 2023-12-29 Tatuś opowiada o puzlach i klockach a Miś Uszatek z przyjaciółmi robi karnawał.m4a,Tatuś opowiada o puzlach i klockach a Miś Uszatek z przyjaciółmi robi karnawał,Henryk,2023-12-29,m4a,1105.450667
Henryk 2023-12-30 Tatuś opowiada o roku i miesiącach a Moś Uszatek idzie do sklepu.m4a,Tatuś opowiada o roku i miesiącach a Moś Uszatek idzie do sklepu,Henryk,2023-12-30,m4a,1136.768000
Henryk 2023-12-31 Tatuś opowiada o sztucznych ogniach i czyta bajkę noworoczną.m4a,Tatuś opowiada o sztucznych ogniach i czyta bajkę noworoczną,Henryk,2023-12-31,m4a,834.292971
Rodzice Henryk 2024-01-01 Nowy rok.m4a,Nowy rok,Rodzice Henryk,2024-01-01,m4a,452.864000
Henryk 2024-01-02 Tatuś opowiada o konikach a Miś Uszatek zachwyca się płatkami śniegu.m4a,Tatuś opowiada o konikach a Miś Uszatek zachwyca się płatkami śniegu,Henryk,2024-01-02,m4a,1181.315193
Henryk 2024-01-04 Tatuś opowiada o kompasie i zegarku a Miś Uszatek odwiedza sklep z zabawkami.m4a,Tatuś opowiada o kompasie i zegarku a Miś Uszatek odwiedza sklep z zabawkami,Henryk,2024-01-04,m4a,1099.929252
Henryk 2024-01-06 Tatuś opowiada o grze Memo a Moś Uszatek bawi się w pociąg.m4a,Tatuś opowiada o grze Memo a Moś Uszatek bawi się w pociąg,Henryk,2024-01-06,m4a,1152.213333
Henryk 2024-01-07 Tatuś opowiada o zimie i entropii a Pluszowy Króliczek chyba jest chory.m4a,Tatuś opowiada o zimie i entropii a Pluszowy Króliczek chyba jest chory,Henryk,2024-01-07,m4a,1129.578667
Henryk 2024-01-09 Tatuś opowiada o książkach a Miś Uszatek śpiewa kołysankę.m4a,Tatuś opowiada o książkach a Miś Uszatek śpiewa kołysankę,Henryk,2024-01-09,m4a,1133.866667
Henryk 2024-01-11 Tatuś opowiada o kotkach a Miś Uszatek spotyka Kubusia Puchatka.m4a,Tatuś opowiada o kotkach a Miś Uszatek spotyka Kubusia Puchatka,Henryk,2024-01-11,m4a,1061.568000
Henryk 2024-01-13 Tatuś opowiada o zimie na ulicy Czereśniowej a Uszatek goni ciasto.m4a,Tatuś opowiada o zimie na ulicy Czereśniowej a Uszatek goni ciasto,Henryk,2024-01-13,m4a,1237.717333
Henryk 2024-01-14 Tatuś opowiada o kompasie a Miś Uszatek jedzie czerwonym samochodem.m4a,Tatuś opowiada o kompasie a Miś Uszatek jedzie czerwonym samochodem,Henryk,2024-01-14,m4a,1073.045333
Henryk 2024-01-16 Tatuś opowiada o czytaniu książek a Miś Uszatek dostaje w prezencie piernik.m4a,Tatuś opowiada o czytaniu książek a Miś Uszatek dostaje w prezencie piernik,Henryk,2024-01-16,m4a,969.685333
Henryk 2024-01-18 Tatuś opowiada o Babusi i Dziadziusiu a Miś Uszatek jedzie skuterem.m4a,Tatuś opowiada o Babusi i Dziadziusiu a Miś Uszatek jedzie skuterem,Henryk,2024-01-18,m4a,1036.138667
Henryk 2024-01-20 Tatuś jest w Holandii u wujka Bjorna a Miś Uszatek dowiaduje się o życie i mące.m4a,Tatuś jest w Holandii u wujka Bjorna a Miś Uszatek dowiaduje się o życie i mące,Henryk,2024-01-20,m4a,1176.981333
Henryk 2024-01-21 Tatuś opowiada o cioci Antine a Miś Uszatek zostaje jabłonkowym bałwankiem.m4a,Tatuś opowiada o cioci Antine a Miś Uszatek zostaje jabłonkowym bałwankiem,Henryk,2024-01-21,m4a,1095.381333
Henryk 2024-01-23 Tatuś opowiada o sopelkach lodu a Miś Uszatek zbiera wiśnie.m4a,Tatuś opowiada o sopelkach lodu a Miś Uszatek zbiera wiśnie,Henryk,2024-01-23,m4a,1010.730667
Henryk 2024-01-25 Tatuś opowiada o bakteriach a Miś Uszatek jeździ na karuzeli.m4a,Tatuś opowiada o bakteriach a Miś Uszatek jeździ na karuzeli,Henryk,2024-01-25,m4a,971.584000
Henryk 2024-01-26 Tatuś opowiada o wyjeździe rodzinnym a Miś Uszatek lata na huśtawce.m4a,Tatuś opowiada o wyjeździe rodzinnym a Miś Uszatek lata na huśtawce,Henryk,2024-01-26,m4a,1071.189333
Henryk 2024-01-28 Tatuś opowiada o zabawach w Andrychowie a Miś Uszatek odnajduje tatę zajączka.m4a,Tatuś opowiada o zabawach w Andrychowie a Miś Uszatek odnajduje tatę zajączka,Henryk,2024-01-28,m4a,1107.690667
Henryk 2024-01-30 Tatuś opowiada o wytrwałości a Miś Uszatek szuka kukułki.m4a,Tatuś opowiada o wytrwałości a Miś Uszatek szuka kukułki,Henryk,2024-01-30,m4a,1085.509660
Henryk 2024-02-01 Tatuś opowiada o matematyce a Miś Uszatek spotyka Kreta.m4a,Tatuś opowiada o matematyce a Miś Uszatek spotyka Kreta,Henryk,2024-02-01,m4a,1091.175329
Henryk 2024-02-02 Tatuś opowiada o serowym Fondue a Miś Uszatek zostaje doktorem.m4a,Tatuś opowiada o serowym Fondue a Miś Uszatek zostaje doktorem,Henryk,2024-02-02,m4a,1056.469333
Henryk 2024-02-04 Tata opowiada o zamku Wawel a Miś Uszatek pomaga mrówkom.m4a,Tata opowiada o zamku Wawel a Miś Uszatek pomaga mrówkom,Henryk,2024-02-04,m4a,1215.808000
Henryk 2024-02-05 Tatuś opowiada o Nadzieji a Moś Uszatek wita się z Anią.m4a,Tatuś opowiada o Nadzieji a Moś Uszatek wita się z Anią,Henryk,2024-02-05,m4a,1236.544000
Henryk 2024-02-07 Tatuś opowiada o zasadach a Miś Uszatek spotyka Dużego Psa.m4a,Tatuś opowiada o zasadach a Miś Uszatek spotyka Dużego Psa,Henryk,2024-02-07,m4a,1090.112000
Henryk 2024-02-09 Tatuś opowiada o zabawie z Hanią a Miś ratuje Kajtka przed burzą.m4a,Tatuś opowiada o zabawie z Hanią a Miś ratuje Kajtka przed burzą,Henryk,2024-02-09,m4a,1073.749333
Henryk 2024-02-10 Tatuś opowiada o brodzie i wąsach a Miś Uszatek widzi tęczę.m4a,Tatuś opowiada o brodzie i wąsach a Miś Uszatek widzi tęczę,Henryk,2024-02-10,m4a,1174.302766
Henryk 2024-02-12 Tatuś opowiada o emocjach na twarzy a Miś spotyka sroczki i pawia.m4a,Tatuś opowiada o emocjach na twarzy a Miś spotyka sroczki i pawia,Henryk,2024-02-12,m4a,1066.901333
Henryk 2024-02-14 Tatuś opowiada o zabawie z Hanią a Miś Uszatek pomaga myszce.m4a,Tatuś opowiada o zabawie z Hanią a Miś Uszatek pomaga myszce,Henryk,2024-02-14,m4a,1102.720000
Henryk 2024-02-15 Tatuś opowiada o prezentacji a Miś Uszatek idzie z Anią do Przedszkola.m4a,Tatuś opowiada o prezentacji a Miś Uszatek idzie z Anią do Przedszkola,Henryk,2024-02-15,m4a,1112.320000
Henryk 2024-02-16 Tatuś opowiada o robocie do dojenia krówek a Miś Uszatek pociesza Wojtusia.m4a,Tatuś opowiada o robocie do dojenia krówek a Miś Uszatek pociesza Wojtusia,Henryk,2024-02-16,m4a,997.909333
Henryk 2024-02-18 Tatuś opowiada o programowaniu a Miś Uszatek spotyka Słonia i Bimbo.m4a,Tatuś opowiada o programowaniu a Miś Uszatek spotyka Słonia i Bimbo,Henryk,2024-02-18,m4a,1038.464000
Henryk 2024-02-19 Tatuś opowiada o pluszowym misiu dla Henryczka a Uszatek wita pajacyka Bimbambom.m4a,Tatuś opowiada o pluszowym misiu dla Henryczka a Uszatek wita pajacyka Bimbambom,Henryk,2024-02-19,m4a,1105.600000
Rodzice Henryk 2024-02-19 Babcia i Dziadek opowiadają Henryczkowi.m4a,Babcia i Dziadek opowiadają Henryczkowi,Rodzice Henryk,2024-02-19,m4a,541.696000
Henryk 2024-02-21 Tatuś opowiada o wyjeździe do Łodzi a Miś Uszatek pilnuje wejścia do Przedszkola.m4a,Tatuś opowiada o wyjeździe do Łodzi a Miś Uszatek pilnuje wejścia do Przedszkola,Henryk,2024-02-21,m4a,1034.218667
Henryk 2024-02-23 Tatuś opowiada o szkole a Miś Uszatek rysuje z przyjaciółmi.m4a,Tatuś opowiada o szkole a Miś Uszatek rysuje z przyjaciółmi,Henryk,2024-02-23,m4a,1087.893333
Henryk 2024-02-25 Tatuś opowiada o chłodzeniu mleka a Miś Uszatek fantazjuje o Afryce.m4a,Tatuś opowiada o chłodzeniu mleka a Miś Uszatek fantazjuje o Afryce,Henryk,2024-02-25,m4a,1189.976236
Henryk 2024-02-26 Tatuś opowiada o rysunkach na komputerze a Miś Uszatek słyszy dziwne dźwięki.m4a,Tatuś opowiada o rysunkach na komputerze a Miś Uszatek słyszy dziwne dźwięki,Henryk,2024-02-26,m4a,1061.973333
Henryk 2024-02-28 Tatuś opowiada o Japonii a Miś Uszatek liczy wróbelki.m4a,Tatuś opowiada o Japonii a Miś Uszatek liczy wróbelki,Henryk,2024-02-28,m4a,1091.413333
Henryk 2024-03-01 Tatuś opowiada o buntującym się Henryczku a Miś Uszatek rozmawia o cyfrze 4.m4a,Tatuś opowiada o buntującym się Henryczku a Miś Uszatek rozmawia o cyfrze 4,Henryk,2024-03-01,m4a,1029.433469
Henryk 2024-03-03 Tatuś opowiada o górach a Miś Uszatekwiada o chatce na kurzej łapce.m4a,Tatuś opowiada o górach a Miś Uszatekwiada o chatce na kurzej łapce,Henryk,2024-03-03,m4a,1085.114921
Henryk 2024-03-04 Tatuś opowiada o chłodzeniu jedzonka a Miś Uszatek bawi się w policjanta.m4a,Tatuś opowiada o chłodzeniu jedzonka a Miś Uszatek bawi się w policjanta,Henryk,2024-03-04,m4a,1022.397823
Henryk 2024-03-06 Tatuś opowiada o prezentacji dla gości a Miś Uszatek bawi się w chowanego w śniegu.m4a,Tatuś opowiada o prezentacji dla gości a Miś Uszatek bawi się w chowanego w śniegu,Henryk,2024-03-06,m4a,1150.869333
Henryk 2024-03-08 Tatuś opowiada o Dniu Kobiet a Miś Uszatek opowiada o Dzisiaj Wczoraj i Jutro.m4a,Tatuś opowiada o Dniu Kobiet a Miś Uszatek opowiada o Dzisiaj Wczoraj i Jutro,Henryk,2024-03-08,m4a,1169.536000
Henryk 2024-03-09 Tatuś opowiada o przyjeździe do Henryczka a Uszatek mówi ile to jest sto.m4a,Tatuś opowiada o przyjeździe do Henryczka a Uszatek mówi ile to jest sto,Henryk,2024-03-09,m4a,1360.155283
Henryk 2024-03-10 Tatuś opowiada o Dniu Mężczyzn a Miś Uszatek jest odważny.m4a,Tatuś opowiada o Dniu Mężczyzn a Miś Uszatek jest odważny,Henryk,2024-03-10,m4a,1017.536000
Henryk 2024-03-11 Tatuś opowiada o malowaniu piaskiem a Uszatek nurkuje w Akwarium.m4a,Tatuś opowiada o malowaniu piaskiem a Uszatek nurkuje w Akwarium,Henryk,2024-03-11,m4a,1176.299683
Henryk 2024-03-13 Tatuś opowiada o artykułach naukowych a Miś Uszatek zbiera wierzbowe kotki.m4a,Tatuś opowiada o artykułach naukowych a Miś Uszatek zbiera wierzbowe kotki,Henryk,2024-03-13,m4a,1042.970703
Henryk 2024-03-14 Tatuś opowiada o dniu PI a Miś Uszatek dowiaduje się jak powstaje miód.m4a,Tatuś opowiada o dniu PI a Miś Uszatek dowiaduje się jak powstaje miód,Henryk,2024-03-14,m4a,1008.605170
Henryk 2024-03-15 Tatuś opowiada o poznawaniu świata przez zabawę a Miś Uszatek widzi jaskółki.m4a,Tatuś opowiada o poznawaniu świata przez zabawę a Miś Uszatek widzi jaskółki,Henryk,2024-03-15,m4a,1039.325170
Henryk 2024-03-17 Tatuś jest chorutki a Miś Uszatek jedzie Autokarem.m4a,Tatuś jest chorutki a Miś Uszatek jedzie Autokarem,Henryk,2024-03-17,m4a,1022.328163
Henryk 2024-03-18 Tatuś opowiada o rozmowie z wujkiem Erykiem a Miś Uszatek pokazuje dzieciom Hubę.m4a,Tatuś opowiada o rozmowie z wujkiem Erykiem a Miś Uszatek pokazuje dzieciom Hubę,Henryk,2024-03-18,m4a,989.727347
Henryk 2024-03-20 Tatuś opowiada po co jest gorączka a Miś Uszatek spotyka krasnoludki.m4a,Tatuś opowiada po co jest gorączka a Miś Uszatek spotyka krasnoludki,Henryk,2024-03-20,m4a,997.970431
Rodzice Henryk 2024-03-21 Dziadziuś i Babusia jadą niedługo do Henryczka.m4a,Dziadziuś i Babusia jadą niedługo do Henryczka,Rodzice Henryk,2024-03-21,m4a,441.344000
Henryk 2024-03-22 Tatuś opowiada o domku na kółkach i o wycieczkach a Miś Uszatek widzi raka.m4a,Tatuś opowiada o domku na kółkach i o wycieczkach a Miś Uszatek widzi raka,Henryk,2024-03-22,m4a,937.993288
Henryk 2024-03-24 Tatuś opowiada o odpoczynku w górach a Miś Uszatek żegluje.m4a,Tatuś opowiada o odpoczynku w górach a Miś Uszatek żegluje,Henryk,2024-03-24,m4a,1057.642667
Henryk 2024-03-25 Tatuś opowiada o tym jak odpoczywać a zabawki w przedszkolu śpiewają piosenkę.m4a,Tatuś opowiada o tym jak odpoczywać a zabawki w przedszkolu śpiewają piosenkę,Henryk,2024-03-25,m4a,1023.040000
Henryk 2024-03-27 Tatuś opowoada o lazanii a Miś Uszatek ma gościa z Francji.m4a,Tatuś opowoada o lazanii a Miś Uszatek ma gościa z Francji,Henryk,2024-03-27,m4a,1006.080000
Henryk 2024-03-29 Tatuś opowiada o kolorowaniu jajek a Miś Uszatek odwiedza lale.m4a,Tatuś opowiada o kolorowaniu jajek a Miś Uszatek odwiedza lale,Henryk,2024-03-29,m4a,1197.205333
Henryk 2024-03-30 Tatuś opowiada o święceniu koszyczka wielkanocnego a Miś Uszatek gasi pożar.m4a,Tatuś opowiada o święceniu koszyczka wielkanocnego a Miś Uszatek gasi pożar,Henryk,2024-03-30,m4a,1061.198367
Henryk 2024-03-31 Tatuś opowiada o śniadaniu Wielkanocnym a Miś Uszatek spotyka kozy.m4a,Tatuś opowiada o śniadaniu Wielkanocnym a Miś Uszatek spotyka kozy,Henryk,2024-03-31,m4a,1023.071202
Henryk 2024-03-31 Życzenia Wielkanocne od rodziny.m4a,Życzenia Wielkanocne od rodziny,Henryk,2024-03-31,m4a,43.242667
Henryk 2024-04-01 Tatuś opowiada o lanym poniedziałku a Miś Uszatek wyrusza z cyrkiem w drogę.m4a,Tatuś opowiada o lanym poniedziałku a Miś Uszatek wyrusza z cyrkiem w drogę,Henryk,2024-04-01,m4a,1295.301950
Henryk 2024-04-03 Tatuś opowiada o kinie i filmach a Uszatek jedzie przez most na rzece.m4a,Tatuś opowiada o kinie i filmach a Uszatek jedzie przez most na rzece,Henryk,2024-04-03,m4a,1081.748027
Henryk 2024-04-05 Tatuś opowiada o robieniu planu a Miś Uszatek przygotowuje przedstawienie.m4a,Tatuś opowiada o robieniu planu a Miś Uszatek przygotowuje przedstawienie,Henryk,2024-04-05,m4a,1107.328000
Henryk 2024-04-06 Tatuś opowiada o spotkaniu z przyjaciółmi a Miś Uszatek daje przedstawienie.m4a,Tatuś opowiada o spotkaniu z przyjaciółmi a Miś Uszatek daje przedstawienie,Henryk,2024-04-06,m4a,1190.954667
Henryk 2024-04-07 Tatuś opowiada o objazdówce a Miś Uszatek daje wywiad do radia i gazety.m4a,Tatuś opowiada o objazdówce a Miś Uszatek daje wywiad do radia i gazety,Henryk,2024-04-07,m4a,1265.728000
Henryk 2024-04-08 Tata opowiada o poznawaniu świata przez liczby a Miś Uszatek spotyka Żubra.m4a,Tata opowiada o poznawaniu świata przez liczby a Miś Uszatek spotyka Żubra,Henryk,2024-04-08,m4a,1027.970612
Henryk 2024-04-10 Tatuś naprawia oponę samochodzikową a Miś Uszatek żegna przyjaciół.m4a,Tatuś naprawia oponę samochodzikową a Miś Uszatek żegna przyjaciół,Henryk,2024-04-10,m4a,1076.035918
Henryk 2024-04-12 Tatuś opowiada o innowacji a latający gad szuka rodziców.m4a,Tatuś opowiada o innowacji a latający gad szuka rodziców,Henryk,2024-04-12,m4a,1009.464308
Henryk 2024-04-13 Tatuś opowiada o dinozaurach a na łące przystanęły Diplodoki.m4a,Tatuś opowiada o dinozaurach a na łące przystanęły Diplodoki,Henryk,2024-04-13,m4a,1085.269333
Henryk 2024-04-14 Tatuś opowiada o robieniu latawca a Tyranozaur wegetarianin ucieka do Diplodoków.m4a,Tatuś opowiada o robieniu latawca a Tyranozaur wegetarianin ucieka do Diplodoków,Henryk,2024-04-14,m4a,1051.399546
Henryk 2024-04-15 Tatuś opowiada o statku kosmicznym a mały Heterodontozaur nie chce jeść.m4a,Tatuś opowiada o statku kosmicznym a mały Heterodontozaur nie chce jeść,Henryk,2024-04-15,m4a,1090.624000
Henryk 2024-04-17 Tatuś opowiada o kawie a Hilonek utknął w pniu drzewa.m4a,Tatuś opowiada o kawie a Hilonek utknął w pniu drzewa,Henryk,2024-04-17,m4a,1025.834376
Henryk 2024-04-19 Tatuś opowiada o naprawianiu rzeczy a Bambiraptor oszukuje na zawodach.m4a,Tatuś opowiada o naprawianiu rzeczy a Bambiraptor oszukuje na zawodach,Henryk,2024-04-19,m4a,1128.373696
Henryk 2024-04-21 Tatuś opowiada o koncercie a Mama Moa cieszy się swoim jajkiem.m4a,Tatuś opowiada o koncercie a Mama Moa cieszy się swoim jajkiem,Henryk,2024-04-21,m4a,1075.221333
Henryk 2024-04-22 Tatuś opowiada o Dniu Ziemi a Nosorożec Nono wpada do wody.m4a,Tatuś opowiada o Dniu Ziemi a Nosorożec Nono wpada do wody,Henryk,2024-04-22,m4a,1251.925333
Henryk 2024-04-24 Tatuś opowiada o innowacji ze Sztuczną Inteligencją i o braciach dinozaurach.m4a,Tatuś opowiada o innowacji ze Sztuczną Inteligencją i o braciach dinozaurach,Henryk,2024-04-24,m4a,1141.077333
Henryk 2024-04-26 Tatuś opowiada o zebraniu w żłobku a Kamptozaur przechytrzył Allozaura.m4a,Tatuś opowiada o zebraniu w żłobku a Kamptozaur przechytrzył Allozaura,Henryk,2024-04-26,m4a,1106.730667
Henryk 2024-04-28 Tatuś opowiada o malowaniu krzesełek a Diplodok Dido zostaje bohaterem.m4a,Tatuś opowiada o malowaniu krzesełek a Diplodok Dido zostaje bohaterem,Henryk,2024-04-28,m4a,1025.898667
Henryk 2024-04-29 Tata opowiada o konkursie i nagrodach a Gastornis uciekł Tyranozaurowi.m4a,Tata opowiada o konkursie i nagrodach a Gastornis uciekł Tyranozaurowi,Henryk,2024-04-29,m4a,1078.997333
Henryk 2024-05-01 Tatuś opowiada o dniu pracy a Trąbiący dinozaur ostrzega przed drapieżnikami.m4a,Tatuś opowiada o dniu pracy a Trąbiący dinozaur ostrzega przed drapieżnikami,Henryk,2024-05-01,m4a,1227.306667
Henryk 2024-05-03 Tatuś opowiada o Rycerzach i Zamkach a Prapłetwiec wychodzi na ląd.m4a,Tatuś opowiada o Rycerzach i Zamkach a Prapłetwiec wychodzi na ląd,Henryk,2024-05-03,m4a,1116.394667
